Id,Position,First Name,Nickname,Last Name,FPPG,Played,Salary,Game,Team,Opponent,Injury Indicator,Injury Details,Tier,,,Roster Position
96883-55050,RB,Christian,Christian McCaffrey,McCaffrey,22.46666717529297,12,10500,SEA@SF,SF,SEA,,,,,,RB/FLEX
96883-42104,RB,Alvin,Alvin Kamara,Kamara,17.566667344835068,9,9000,CAR@NO,NO,CAR,,,,,,RB/FLEX
96883-85671,WR,Justin,Justin Jefferson,Jefferson,18.219999694824217,5,9000,MIN@LV,MIN,LV,,,,,,WR/FLEX
96883-62239,QB,Josh,Josh Allen,Allen,24.980000813802082,12,9000,BUF@KC,BUF,KC,,,,,,QB
96883-29253,WR,Keenan,Keenan Allen,Allen,17.921666463216145,12,8800,DEN@LAC,LAC,DEN,,,,,,WR/FLEX
96883-104433,RB,Kyren,Kyren Williams,Williams,19.837499618530273,8,8800,LAR@BAL,LAR,BAL,,,,,,RB/FLEX
96883-25079,WR,Stefon,Stefon Diggs,Diggs,15.533332824707031,12,8700,BUF@KC,BUF,KC,,,,,,WR/FLEX
96883-89675,RB,Jonathan,Jonathan Taylor,Taylor,13.299999782017299,7,8500,IND@CIN,IND,CIN,O,Thumb,,,,RB/FLEX
96883-32384,WR,Mike,Mike Evans,Evans,15.97499974568685,12,8500,TB@ATL,TB,ATL,,,,,,WR/FLEX
96883-57439,QB,Patrick,Patrick Mahomes,Mahomes,19.34833272298177,12,8400,BUF@KC,KC,BUF,,,,,,QB
96883-89956,RB,Travis,Travis Etienne Jr.,Etienne Jr.,15.808333079020182,12,8400,JAC@CLE,JAC,CLE,Q,Ribs,,,,RB/FLEX
96883-86997,WR,Amon-Ra,Amon-Ra St. Brown,St. Brown,16.5,11,8200,DET@CHI,DET,CHI,,,,,,WR/FLEX
96883-85607,QB,Brock,Brock Purdy,Purdy,19.541666666666668,12,8100,SEA@SF,SF,SEA,,,,,,QB
96883-72731,RB,Josh,Josh Jacobs,Jacobs,13.050000508626303,12,8000,MIN@LV,LV,MIN,,,,,,RB/FLEX
96883-33076,TE,Travis,Travis Kelce,Kelce,13.30000027743253,11,8000,BUF@KC,KC,BUF,,,,,,TE/FLEX
96883-69213,WR,Michael,Michael Pittman Jr.,Pittman Jr.,13.199999491373697,12,8000,IND@CIN,IND,CIN,,,,,,WR/FLEX
96883-63115,QB,Lamar,Lamar Jackson,Jackson,18.926666259765625,12,8000,LAR@BAL,BAL,LAR,,,,,,QB
96883-91591,QB,Justin,Justin Fields,Fields,13.043635975230824,11,7900,DET@CHI,CHI,DET,,,,,,QB
96883-85701,WR,Ja'Marr,Ja'Marr Chase,Chase,15.868333180745443,12,7900,IND@CIN,CIN,IND,,,,,,WR/FLEX
96883-91419,WR,Nico,Nico Collins,Collins,13.716667175292969,12,7800,HOU@NYJ,HOU,NYJ,,,,,,WR/FLEX
96883-69189,QB,Justin,Justin Herbert,Herbert,19.818333943684895,12,7800,DEN@LAC,LAC,DEN,,,,,,QB
96883-129471,QB,C.J.,C.J. Stroud,Stroud,20.28333282470703,12,7700,HOU@NYJ,HOU,NYJ,,,,,,QB
96883-63043,WR,DJ,DJ Moore,Moore,14.116666158040365,12,7700,DET@CHI,CHI,DET,,,,,,WR/FLEX
96883-85798,WR,Brandon,Brandon Aiyuk,Aiyuk,13.972726995294744,11,7700,SEA@SF,SF,SEA,,,,,,WR/FLEX
96883-73273,RB,David,David Montgomery,Montgomery,14.360000610351562,10,7600,DET@CHI,DET,CHI,,,,,,RB/FLEX
96883-103020,WR,Puka,Puka Nacua,Nacua,14.158332824707031,12,7600,LAR@BAL,LAR,BAL,,,,,,WR/FLEX
96883-87770,WR,Chris,Chris Olave,Olave,11.75,12,7600,CAR@NO,NO,CAR,Q,Illness,,,,WR/FLEX
96883-89951,QB,Trevor,Trevor Lawrence,Lawrence,17.663333892822266,12,7600,JAC@CLE,JAC,CLE,Q,Ankle,,,,QB
96883-80001,RB,Austin,Austin Ekeler,Ekeler,12.622222052680122,9,7500,DEN@LAC,LAC,DEN,,,,,,RB/FLEX
96883-38435,QB,Jared,Jared Goff,Goff,17.968332926432293,12,7500,DET@CHI,DET,CHI,,,,,,QB
96883-56018,WR,Deebo,Deebo Samuel,Samuel,12.363636363636363,11,7500,SEA@SF,SF,SEA,,,,,,WR/FLEX
96883-71706,TE,T.J.,T.J. Hockenson,Hockenson,12.216667175292969,12,7400,MIN@LV,MIN,LV,,,,,,TE/FLEX
96883-22015,QB,Russell,Russell Wilson,Wilson,17.28333282470703,12,7400,DEN@LAC,DEN,LAC,,,,,,QB
96883-137902,RB,Rachaad,Rachaad White,White,13.324999491373697,12,7400,TB@ATL,TB,ATL,,,,,,RB/FLEX
96883-45889,WR,Davante,Davante Adams,Adams,11.658332824707031,12,7400,MIN@LV,LV,MIN,,,,,,WR/FLEX
96883-73048,WR,DK,DK Metcalf,Metcalf,12.881817904385654,11,7300,SEA@SF,SEA,SF,,,,,,WR/FLEX
96883-40407,QB,Joshua,Joshua Dobbs,Dobbs,17.169999440511067,12,7300,MIN@LV,MIN,LV,,,,,,QB
96883-57403,WR,Courtland,Courtland Sutton,Sutton,11.391666412353516,12,7200,DEN@LAC,DEN,LAC,,,,,,WR/FLEX
96883-105646,TE,Sam,Sam LaPorta,LaPorta,11.658332824707031,12,7200,DET@CHI,DET,CHI,,,,,,TE/FLEX
96883-52442,RB,Joe,Joe Mixon,Mixon,13.208333333333334,12,7200,IND@CIN,CIN,IND,,,,,,RB/FLEX
96883-79970,WR,Cooper,Cooper Kupp,Kupp,9.212499618530273,8,7100,LAR@BAL,LAR,BAL,,,,,,WR/FLEX
96883-136855,RB,Bijan,Bijan Robinson,Robinson,12.641666412353516,12,7100,TB@ATL,ATL,TB,,,,,,RB/FLEX
96883-64555,WR,Calvin,Calvin Ridley,Ridley,10.824999491373697,12,7000,JAC@CLE,JAC,CLE,,,,,,WR/FLEX
96883-92575,RB,Isiah,Isiah Pacheco,Pacheco,13.108333587646484,12,7000,BUF@KC,KC,BUF,O,Shoulder,,,,RB/FLEX
96883-45565,TE,Taysom,Taysom Hill,Hill,8.78166643778483,12,7000,CAR@NO,NO,CAR,Q,Foot,,,,TE/FLEX
96883-6654,QB,Matthew,Matthew Stafford,Stafford,14.718332926432291,12,7000,LAR@BAL,LAR,BAL,,,,,,QB
96883-63634,WR,Jakobi,Jakobi Meyers,Meyers,11.727272727272727,11,6900,MIN@LV,LV,MIN,,,,,,WR/FLEX
96883-129368,RB,Jahmyr,Jahmyr Gibbs,Gibbs,14.080000305175782,10,6900,DET@CHI,DET,CHI,,,,,,RB/FLEX
96883-61798,QB,Gardner,Gardner Minshew II,Minshew II,12.505454323508523,11,6900,IND@CIN,IND,CIN,,,,,,QB
96883-94534,WR,Gabe,Gabe Davis,Davis,10.436363913796164,11,6800,BUF@KC,BUF,KC,,,,,,WR/FLEX
96883-70027,RB,Zack,Zack Moss,Moss,12.245454268022018,11,6800,IND@CIN,IND,CIN,,,,,,RB/FLEX
96883-41535,QB,Baker,Baker Mayfield,Mayfield,15.891666412353516,12,6800,TB@ATL,TB,ATL,,,,,,QB
96883-103564,WR,Garrett,Garrett Wilson,Wilson,10.216666539510092,12,6700,HOU@NYJ,NYJ,HOU,,,,,,WR/FLEX
96883-86278,QB,Desmond,Desmond Ridder,Ridder,11.421666463216146,12,6700,TB@ATL,ATL,TB,,,,,,QB
96883-87467,RB,Chuba,Chuba Hubbard,Hubbard,9.183333079020182,12,6700,CAR@NO,CAR,NO,,,,,,RB/FLEX
96883-60858,WR,Christian,Christian Kirk,Kirk,10.146666844685873,12,6700,JAC@CLE,JAC,CLE,IR,Groin,,,,WR/FLEX
96883-26483,QB,Geno,Geno Smith,Smith,15.101666768391928,12,6700,SEA@SF,SEA,SF,Q,Groin,,,,QB
96883-24849,QB,Jameis,Jameis Winston,Winston,2.5266666412353516,6,6600,CAR@NO,NO,CAR,,,,,,QB
96883-93541,RB,Javonte,Javonte Williams,Williams,9.309091047807174,11,6600,DEN@LAC,DEN,LAC,,,,,,RB/FLEX
96883-27050,WR,Tyler,Tyler Lockett,Lockett,9.808333079020182,12,6600,SEA@SF,SEA,SF,,,,,,WR/FLEX
96883-91626,RB,James,James Cook,Cook,11.366666158040365,12,6600,BUF@KC,BUF,KC,,,,,,RB/FLEX
96883-45859,QB,Derek,Derek Carr,Carr,12.361666361490885,12,6600,CAR@NO,NO,CAR,,,,,,QB
96883-39716,WR,Adam,Adam Thielen,Thielen,11.824999491373697,12,6600,CAR@NO,CAR,NO,,,,,,WR/FLEX
96883-39793,TE,George,George Kittle,Kittle,10.72499974568685,12,6600,SEA@SF,SF,SEA,,,,,,TE/FLEX
96883-129210,WR,Jordan,Jordan Addison,Addison,11.483333587646484,12,6500,MIN@LV,MIN,LV,,,,,,WR/FLEX
96883-40167,RB,Gus,Gus Edwards,Edwards,11.583333333333334,12,6500,LAR@BAL,BAL,LAR,,,,,,RB/FLEX
96883-60840,QB,Jake,Jake Browning,Browning,7.1085711887904575,7,6500,IND@CIN,CIN,IND,,,,,,QB
96883-112295,WR,Zay,Zay Flowers,Flowers,9.491666793823242,12,6500,LAR@BAL,BAL,LAR,,,,,,WR/FLEX
96883-6894,QB,Aaron,Aaron Rodgers,Rodgers,0,1,6500,HOU@NYJ,NYJ,HOU,IR,Achilles,,,,QB
96883-103342,RB,Kenneth,Kenneth Walker III,Walker III,12.910000610351563,10,6500,SEA@SF,SEA,SF,Q,Oblique,,,,RB/FLEX
96883-112745,WR,Drake,Drake London,London,7.765000025431315,12,6400,TB@ATL,ATL,TB,,,,,,WR/FLEX
96883-93382,QB,Aidan,Aidan O'Connell,O'Connell,8.665714263916016,7,6400,MIN@LV,LV,MIN,,,,,,QB
96883-31001,WR,Amari,Amari Cooper,Cooper,9.741666793823242,12,6400,JAC@CLE,CLE,JAC,Q,Concussion,,,,WR/FLEX
96883-90400,QB,Jaren,Jaren Hall,Hall,1.0133333206176758,3,6400,MIN@LV,MIN,LV,,,,,,QB
96883-6714,QB,Joe,Joe Flacco,Flacco,17.15999984741211,1,6400,JAC@CLE,CLE,JAC,,,,,,QB
96883-41562,QB,Nick,Nick Mullens,Mullens,3.190000057220459,4,6400,MIN@LV,MIN,LV,,,,,,QB
96883-103064,RB,Breece,Breece Hall,Hall,11.616666158040365,12,6400,HOU@NYJ,NYJ,HOU,Q,Ankle,,,,RB/FLEX
96883-91898,QB,Dorian,Dorian Thompson-Robinson,Thompson-Robinson,3.943333307902018,6,6400,JAC@CLE,CLE,JAC,,,,,,QB
96883-119606,QB,Bryce,Bryce Young,Young,11.027273004705256,11,6400,CAR@NO,CAR,NO,,,,,,QB
96883-41827,QB,P.J.,P.J. Walker,Walker,4.159999847412109,6,6400,JAC@CLE,CLE,JAC,,,,,,QB
96883-90406,QB,Zach,Zach Wilson,Wilson,10.866000366210937,10,6300,HOU@NYJ,NYJ,HOU,,,,,,QB
96883-90533,RB,Jerome,Jerome Ford,Ford,11.27500025431315,12,6300,JAC@CLE,CLE,JAC,,,,,,RB/FLEX
96883-40482,QB,Tim,Tim Boyle,Boyle,3.7249999046325684,4,6300,HOU@NYJ,NYJ,HOU,,,,,,QB
96883-111311,WR,Rashee,Rashee Rice,Rice,9.566666920979818,12,6300,BUF@KC,KC,BUF,,,,,,WR/FLEX
96883-28434,QB,Trevor,Trevor Siemian,Siemian,1.440000057220459,1,6300,HOU@NYJ,NYJ,HOU,,,,,,QB
96883-89981,WR,Tee,Tee Higgins,Higgins,7.0444446139865455,9,6300,IND@CIN,CIN,IND,,,,,,WR/FLEX
96883-72776,RB,Alexander,Alexander Mattison,Mattison,8.691666920979818,12,6200,MIN@LV,MIN,LV,,,,,,RB/FLEX
96883-53331,QB,Taylor,Taylor Heinicke,Heinicke,12.573333740234375,3,6200,TB@ATL,ATL,TB,,,,,,QB
96883-54604,QB,Jimmy,Jimmy Garoppolo,Garoppolo,10.442856924874443,7,6200,MIN@LV,LV,MIN,,,,,,QB
96883-88575,WR,Elijah,Elijah Moore,Moore,6.391666412353516,12,6200,JAC@CLE,CLE,JAC,,,,,,WR/FLEX
96883-64051,QB,Drew,Drew Lock,Lock,0.6850000023841858,4,6200,SEA@SF,SEA,SF,,,,,,QB
96883-86055,RB,Dameon,Dameon Pierce,Pierce,5.818181818181818,11,6100,HOU@NYJ,HOU,NYJ,,,,,,RB/FLEX
96883-63589,QB,Sam,Sam Darnold,Darnold,-0.08857142925262451,7,6100,SEA@SF,SF,SEA,,,,,,QB
96883-27986,QB,C.J.,C.J. Beathard,Beathard,0.8949999809265137,4,6100,JAC@CLE,JAC,CLE,,,,,,QB
96883-55635,WR,Chris,Chris Godwin,Godwin,8.700000127156576,12,6100,TB@ATL,TB,ATL,,,,,,WR/FLEX
96883-103824,QB,Easton,Easton Stick,Stick,0,2,6100,DEN@LAC,LAC,DEN,,,,,,QB
96883-92560,QB,Sam,Sam Ehlinger,Ehlinger,0,2,6100,IND@CIN,IND,CIN,,,,,,QB
96883-185776,QB,Tyson,Tyson Bagent,Bagent,11.851999664306641,5,6100,DET@CHI,CHI,DET,,,,,,QB
96883-60947,QB,Jarrett,Jarrett Stidham,Stidham,0,1,6100,DEN@LAC,DEN,LAC,,,,,,QB
96883-89628,QB,Davis,Davis Mills,Mills,0.20000000298023224,4,6100,HOU@NYJ,HOU,NYJ,,,,,,QB
96883-70324,QB,Carson,Carson Wentz,Wentz,15.225000381469727,8,6100,LAR@BAL,LAR,BAL,,,,,,QB
96883-69304,QB,Kyle,Kyle Trask,Trask,-0.033333333830038704,3,6100,TB@ATL,TB,ATL,,,,,,QB
96883-8023,QB,Josh,Josh Johnson,Johnson,0,2,6100,LAR@BAL,BAL,LAR,,,,,,QB
96883-53095,QB,Kyle,Kyle Allen,Allen,-0.1799999952316284,5,6100,BUF@KC,BUF,KC,,,,,,QB
96883-14194,QB,Blaine,Blaine Gabbert,Gabbert,-0.28666667143503827,3,6100,BUF@KC,KC,BUF,,,,,,QB
96883-14225,QB,Andy,Andy Dalton,Dalton,5.909999847412109,4,6100,CAR@NO,CAR,NO,,,,,,QB
96883-103376,RB,Zach,Zach Charbonnet,Charbonnet,6.2727272727272725,11,6100,SEA@SF,SEA,SF,Q,Knee,,,,RB/FLEX
96883-85983,QB,Hendon,Hendon Hooker,Hooker,,,6100,DET@CHI,DET,CHI,IR,Knee - acl,,,,QB
96883-30761,QB,Nathan,Nathan Peterman,Peterman,-0.10000000149011612,4,6000,DET@CHI,CHI,DET,,,,,,QB
96883-27801,QB,Nate,Nate Sudfeld,Sudfeld,-0.20000000298023224,2,6000,DET@CHI,DET,CHI,IR,Knee - acl,,,,QB
96883-69833,QB,Shane,Shane Buechele,Buechele,,,6000,BUF@KC,BUF,KC,,,,,,QB
96883-45259,QB,Logan,Logan Woodside,Woodside,0,1,6000,TB@ATL,ATL,TB,,,,,,QB
96883-130269,QB,Reid,Reid Sinnett,Sinnett,,,6000,IND@CIN,CIN,IND,,,,,,QB
96883-129315,QB,Anthony,Anthony Richardson,Richardson,18.420000076293945,4,6000,IND@CIN,IND,CIN,IR,Shoulder - ac joint,,,,QB
96883-185640,QB,Dresser,Dresser Winn,Winn,0,1,6000,LAR@BAL,LAR,BAL,,,,,,QB
96883-170287,WR,Rashid,Rashid Shaheed,Shaheed,8.654545177112926,11,6000,CAR@NO,NO,CAR,Q,Thigh,,,,WR/FLEX
96883-31047,QB,AJ,AJ McCarron,McCarron,,,6000,IND@CIN,CIN,IND,,,,,,QB
96883-91468,QB,Chase,Chase Garbers,Garbers,,,6000,MIN@LV,LV,MIN,,,,,,QB
96883-91511,QB,Holton,Holton Ahlers,Ahlers,,,6000,SEA@SF,SEA,SF,,,,,,QB
96883-88440,QB,Braxton,Braxton Burmeister,Burmeister,,,6000,LAR@BAL,LAR,BAL,,,,,,QB
96883-52606,QB,David,David Blough,Blough,10.289999961853027,2,6000,DET@CHI,DET,CHI,,,,,,QB
96883-70051,QB,Tyler,Tyler Huntley,Huntley,1.4239999771118164,5,6000,LAR@BAL,BAL,LAR,,,,,,QB
96883-185773,QB,Nolan,Nolan Henderson,Henderson,,,6000,LAR@BAL,BAL,LAR,,,,,,QB
96883-91583,QB,Stetson,Stetson Bennett,Bennett,,,6000,LAR@BAL,LAR,BAL,IR,Illness,,,,QB
96883-31170,QB,Brandon,Brandon Allen,Allen,0,1,6000,SEA@SF,SF,SEA,,,,,,QB
96883-22994,QB,Case,Case Keenum,Keenum,0,1,6000,HOU@NYJ,HOU,NYJ,,,,,,QB
96883-33259,QB,Teddy,Teddy Bridgewater,Bridgewater,-0.10000000149011612,2,6000,DET@CHI,DET,CHI,,,,,,QB
96883-94718,QB,Nathan,Nathan Rourke,Rourke,,,6000,JAC@CLE,JAC,CLE,,,,,,QB
96883-22038,QB,Kirk,Kirk Cousins,Cousins,19.342500686645508,8,6000,MIN@LV,MIN,LV,IR,Achilles,,,,QB
96883-88602,QB,Jordan,Jordan Ta'amu,Ta'amu,,,6000,MIN@LV,MIN,LV,,,,,,QB
96883-72241,QB,Drew,Drew Plitt,Plitt,,,6000,IND@CIN,CIN,IND,,,,,,QB
96883-71242,QB,Jarrett,Jarrett Guarantano,Guarantano,,,6000,DEN@LAC,DEN,LAC,,,,,,QB
96883-94797,QB,Kellen,Kellen Mond,Mond,,,6000,IND@CIN,IND,CIN,,,,,,QB
96883-54879,QB,Deshaun,Deshaun Watson,Watson,12.971429007393974,7,6000,JAC@CLE,CLE,JAC,IR,Shoulder,,,,QB
96883-73398,QB,Chris,Chris Oladokun,Oladokun,,,6000,BUF@KC,KC,BUF,,,,,,QB
96883-7872,QB,Brian,Brian Hoyer,Hoyer,1.7350000143051147,4,6000,MIN@LV,LV,MIN,,,,,,QB
96883-52929,QB,Jake,Jake Luton,Luton,,,6000,CAR@NO,CAR,NO,,,,,,QB
96883-103109,QB,Max,Max Duggan,Duggan,0,1,6000,DEN@LAC,LAC,DEN,,,,,,QB
96883-72412,RB,Khalil,Khalil Herbert,Herbert,8.057143075125557,7,6000,DET@CHI,CHI,DET,,,,,,RB/FLEX
96883-61157,QB,Brett,Brett Rypien,Rypien,2.890000104904175,2,6000,HOU@NYJ,NYJ,HOU,,,,,,QB
96883-55042,TE,Dalton,Dalton Schultz,Schultz,8.5,11,6000,HOU@NYJ,HOU,NYJ,O,Hamstring,,,,TE/FLEX
96883-29445,QB,Sean,Sean Mannion,Mannion,,,6000,SEA@SF,SEA,SF,,,,,,QB
96883-86793,QB,Jake,Jake Haener,Haener,0,1,6000,CAR@NO,NO,CAR,,,,,,QB
96883-90981,QB,Adrian,Adrian Martinez,Martinez,,,6000,DET@CHI,DET,CHI,,,,,,QB
96883-85860,QB,Tanner,Tanner Morgan,Morgan,,,6000,MIN@LV,MIN,LV,,,,,,QB
96883-63336,QB,Joe,Joe Burrow,Burrow,15.316000366210938,10,6000,IND@CIN,CIN,IND,IR,Wrist,,,,QB
96883-38767,QB,Chris,Chris Streveler,Streveler,9,1,6000,HOU@NYJ,NYJ,HOU,,,,,,QB
96883-56192,QB,John,John Wolford,Wolford,0,1,6000,TB@ATL,TB,ATL,,,,,,QB
96883-93103,QB,E.J.,E.J. Perry,Perry,,,6000,HOU@NYJ,HOU,NYJ,,,,,,QB
96883-92082,QB,Austin,Austin Aune,Aune,,,6000,TB@ATL,ATL,TB,,,,,,QB
96883-56248,WR,Noah,Noah Brown,Brown,10.049999872843424,6,6000,HOU@NYJ,HOU,NYJ,Q,Knee,,,,WR/FLEX
96883-69597,QB,Anthony,Anthony Brown,Brown,3.7899999618530273,2,6000,LAR@BAL,BAL,LAR,,,,,,QB
96883-63469,QB,Ben,Ben DiNucci,DiNucci,,,6000,DEN@LAC,DEN,LAC,,,,,,QB
96883-129305,WR,Josh,Josh Downs,Downs,7.958333333333333,12,5900,IND@CIN,IND,CIN,,,,,,WR/FLEX
96883-55830,RB,D'Onta,D'Onta Foreman,Foreman,11.157142639160156,7,5900,DET@CHI,CHI,DET,,,,,,RB/FLEX
96883-134023,RB,Keaton,Keaton Mitchell,Mitchell,8.15000025431315,6,5900,LAR@BAL,BAL,LAR,,,,,,RB/FLEX
96883-145558,TE,Dalton,Dalton Kincaid,Kincaid,7.763636502352628,11,5800,BUF@KC,BUF,KC,,,,,,TE/FLEX
96883-90561,WR,Jerry,Jerry Jeudy,Jeudy,6.827272588556463,11,5800,DEN@LAC,DEN,LAC,,,,,,WR/FLEX
96883-70603,RB,Devin,Devin Singletary,Singletary,7.4950002034505205,12,5800,HOU@NYJ,HOU,NYJ,,,,,,RB/FLEX
96883-45229,RB,Kareem,Kareem Hunt,Hunt,8.030000305175781,10,5700,JAC@CLE,CLE,JAC,,,,,,RB/FLEX
96883-31360,WR,Odell,Odell Beckham Jr.,Beckham Jr.,6.430000305175781,10,5700,LAR@BAL,BAL,LAR,,,,,,WR/FLEX
96883-103187,RB,Roschon,Roschon Johnson,Johnson,5.429999923706054,10,5700,DET@CHI,CHI,DET,,,,,,RB/FLEX
96883-120639,WR,Quentin,Quentin Johnston,Johnston,3.616666793823242,12,5700,DEN@LAC,LAC,DEN,,,,,,WR/FLEX
96883-41872,TE,Evan,Evan Engram,Engram,8.424999872843424,12,5700,JAC@CLE,JAC,CLE,,,,,,TE/FLEX
96883-87371,RB,Ty,Ty Chandler,Chandler,3.2818180431019175,11,5600,MIN@LV,MIN,LV,,,,,,RB/FLEX
96883-128693,RB,Tank,Tank Bigsby,Bigsby,1.7700000762939454,10,5600,JAC@CLE,JAC,CLE,,,,,,RB/FLEX
96883-52917,WR,DJ,DJ Chark Jr.,Chark Jr.,6.1400001525878904,10,5600,CAR@NO,CAR,NO,,,,,,WR/FLEX
96883-40669,WR,Tyler,Tyler Boyd,Boyd,7.458333333333333,12,5600,IND@CIN,CIN,IND,Q,Ankle,,,,WR/FLEX
96883-91047,TE,Cole,Cole Kmet,Kmet,8.866666793823242,12,5600,DET@CHI,CHI,DET,,,,,,TE/FLEX
96883-55335,TE,David,David Njoku,Njoku,7.283333460489909,12,5500,JAC@CLE,CLE,JAC,,,,,,TE/FLEX
96883-69860,RB,Trayveon,Trayveon Williams,Williams,0.7750000158945719,12,5500,IND@CIN,CIN,IND,,,,,,RB/FLEX
96883-86312,WR,Alec,Alec Pierce,Pierce,4.799999872843425,12,5500,IND@CIN,IND,CIN,,,,,,WR/FLEX
96883-87418,WR,Joshua,Joshua Palmer,Palmer,7.600000108991351,7,5500,DEN@LAC,LAC,DEN,IR,Knee,,,,WR/FLEX
96883-129458,WR,Jaxon,Jaxon Smith-Njigba,Smith-Njigba,6.775000254313151,12,5500,SEA@SF,SEA,SF,,,,,,WR/FLEX
96883-86518,WR,Khalil,Khalil Shakir,Shakir,5.954545454545454,11,5500,BUF@KC,BUF,KC,,,,,,WR/FLEX
96883-112192,WR,Jonathan,Jonathan Mingo,Mingo,4.7727272727272725,11,5500,CAR@NO,CAR,NO,,,,,,WR/FLEX
96883-25267,WR,Mack,Mack Hollins,Hollins,4.150000095367432,8,5500,TB@ATL,ATL,TB,Q,Ankle,,,,WR/FLEX
96883-85741,RB,Clyde,Clyde Edwards-Helaire,Edwards-Helaire,2.324999968210856,12,5500,BUF@KC,KC,BUF,,,,,,RB/FLEX
96883-28573,WR,Michael,Michael Thomas,Thomas,7.030000305175781,10,5500,CAR@NO,NO,CAR,IR,Knee,,,,WR/FLEX
96883-69777,WR,Darnell,Darnell Mooney,Mooney,4.918181679465554,11,5400,DET@CHI,CHI,DET,,,,,,WR/FLEX
96883-57543,RB,D'Ernest,D'Ernest Johnson,Johnson,2.3090908744118432,11,5400,JAC@CLE,JAC,CLE,Q,Knee,,,,RB/FLEX
96883-90428,RB,Tyler,Tyler Allgeier,Allgeier,6.958333333333333,12,5400,TB@ATL,ATL,TB,,,,,,RB/FLEX
96883-63855,WR,K.J.,K.J. Osborn,Osborn,5.983333587646484,12,5400,MIN@LV,MIN,LV,,,,,,WR/FLEX
96883-87432,WR,Cedric,Cedric Tillman,Tillman,1.971428598676409,7,5400,JAC@CLE,CLE,JAC,,,,,,WR/FLEX
96883-112455,WR,Xavier,Xavier Gipson,Gipson,2.2833333015441895,12,5400,HOU@NYJ,NYJ,HOU,,,,,,WR/FLEX
96883-53097,WR,Josh,Josh Reynolds,Reynolds,7.363636363636363,11,5400,DET@CHI,DET,CHI,,,,,,WR/FLEX
96883-29685,WR,Robert,Robert Woods,Woods,5.3599998474121096,10,5400,HOU@NYJ,HOU,NYJ,,,,,,WR/FLEX
96883-111631,WR,Jameson,Jameson Williams,Williams,5.737500190734863,8,5300,DET@CHI,DET,CHI,,,,,,WR/FLEX
96883-86080,TE,Kyle,Kyle Pitts,Pitts,6.275000254313151,12,5300,TB@ATL,ATL,TB,,,,,,TE/FLEX
96883-83083,WR,Justin,Justin Watson,Watson,5.320000076293946,10,5300,BUF@KC,KC,BUF,,,,,,WR/FLEX
96883-71845,RB,Miles,Miles Sanders,Sanders,5.281818043101918,11,5300,CAR@NO,CAR,NO,,,,,,RB/FLEX
96883-54608,RB,Jerick,Jerick McKinnon,McKinnon,4.6,10,5300,BUF@KC,KC,BUF,,,,,,RB/FLEX
96883-38264,WR,Demarcus,Demarcus Robinson,Robinson,5.300000190734863,4,5300,LAR@BAL,LAR,BAL,,,,,,WR/FLEX
96883-61593,WR,Jauan,Jauan Jennings,Jennings,3.5,11,5200,SEA@SF,SF,SEA,,,,,,WR/FLEX
96883-87260,TE,Isaiah,Isaiah Likely,Likely,2.1555555131700306,9,5200,LAR@BAL,BAL,LAR,,,,,,TE/FLEX
96883-52451,RB,Samaje,Samaje Perine,Perine,5.924999872843425,12,5200,DEN@LAC,DEN,LAC,Q,Knee,,,,RB/FLEX
96883-41305,WR,Zay,Zay Jones,Jones,5.657142639160156,7,5200,JAC@CLE,JAC,CLE,,,,,,WR/FLEX
96883-56809,WR,Allen,Allen Lazard,Lazard,4.090909090909091,11,5200,HOU@NYJ,NYJ,HOU,,,,,,WR/FLEX
96883-57986,WR,Hunter,Hunter Renfrow,Renfrow,3.1899999618530273,10,5200,MIN@LV,LV,MIN,,,,,,WR/FLEX
96883-40647,WR,Marquez,Marquez Valdes-Scantling,Valdes-Scantling,3.316666603088379,12,5200,BUF@KC,KC,BUF,,,,,,WR/FLEX
96883-92976,WR,Tutu,Tutu Atwell,Atwell,7.466666539510091,12,5200,LAR@BAL,LAR,BAL,,,,,,WR/FLEX
96883-54140,RB,Dalvin,Dalvin Cook,Cook,2.491666634877523,12,5200,HOU@NYJ,NYJ,HOU,,,,,,RB/FLEX
96883-52345,WR,Brandon,Brandon Powell,Powell,3.758333206176758,12,5100,MIN@LV,MIN,LV,,,,,,WR/FLEX
96883-85306,WR,KhaDarel,KhaDarel Hodge,Hodge,3.174999952316284,8,5100,TB@ATL,ATL,TB,,,,,,WR/FLEX
96883-73130,RB,Chris,Chris Evans,Evans,0.4000000059604645,4,5100,IND@CIN,CIN,IND,,,,,,RB/FLEX
96883-112062,WR,Skyy,Skyy Moore,Moore,3.6000000635782876,12,5100,BUF@KC,KC,BUF,,,,,,WR/FLEX
96883-102902,WR,Trey,Trey Palmer,Palmer,4.274999936421712,12,5100,TB@ATL,TB,ATL,,,,,,WR/FLEX
96883-34331,RB,Latavius,Latavius Murray,Murray,5.316666603088379,12,5100,BUF@KC,BUF,KC,,,,,,RB/FLEX
96883-71521,RB,Justice,Justice Hill,Hill,5.48181811246005,11,5100,LAR@BAL,BAL,LAR,,,,,,RB/FLEX
96883-70601,TE,Harrison,Harrison Bryant,Bryant,2.5363636016845703,11,5100,JAC@CLE,CLE,JAC,,,,,,TE/FLEX
96883-57299,TE,Gerald,Gerald Everett,Everett,5.299999930641868,11,5100,DEN@LAC,LAC,DEN,,,,,,TE/FLEX
96883-29683,WR,Nelson,Nelson Agholor,Agholor,5.109090978449041,11,5100,LAR@BAL,BAL,LAR,,,,,,WR/FLEX
96883-86052,WR,Kadarius,Kadarius Toney,Toney,2.9454546841708096,11,5000,BUF@KC,KC,BUF,,,,,,WR/FLEX
96883-64581,WR,Van,Van Jefferson,Jefferson,2.3799999237060545,10,5000,TB@ATL,ATL,TB,,,,,,WR/FLEX
96883-12549,D,San Francisco,San Francisco 49ers,49ers,8.666666666666666,12,5000,SEA@SF,SF,SEA,,,,,,DEF
96883-102696,WR,John,John Metchie III,Metchie III,2.1999999152289496,9,5000,HOU@NYJ,HOU,NYJ,,,,,,WR/FLEX
96883-89493,RB,Chase,Chase Brown,Brown,1.7799999237060546,5,5000,IND@CIN,CIN,IND,,,,,,RB/FLEX
96883-45631,RB,Jamaal,Jamaal Williams,Williams,2.825000047683716,8,5000,CAR@NO,NO,CAR,,,,,,RB/FLEX
96883-52916,WR,Russell,Russell Gage,Gage,7.149999891008649,14,5000,TB@ATL,TB,ATL,IR,Knee,,,,WR/FLEX
96883-91872,RB,Joshua,Joshua Kelley,Kelley,4.641666730244954,12,5000,DEN@LAC,LAC,DEN,,,,,,RB/FLEX
96883-47870,TE,Tyler,Tyler Higbee,Higbee,5.474999745686849,12,5000,LAR@BAL,LAR,BAL,D,Neck,,,,TE/FLEX
96883-94094,TE,Brevin,Brevin Jordan,Jordan,3.2714285169328963,7,5000,HOU@NYJ,HOU,NYJ,,,,,,TE/FLEX
96883-48116,TE,Jonnu,Jonnu Smith,Smith,7.180000305175781,10,5000,TB@ATL,ATL,TB,,,,,,TE/FLEX
96883-64843,WR,Jalen,Jalen Guyton,Guyton,3.5,4,4900,DEN@LAC,LAC,DEN,,,,,,WR/FLEX
96883-87621,WR,A.T.,A.T. Perry,Perry,3.875,4,4900,CAR@NO,NO,CAR,,,,,,WR/FLEX
96883-63050,RB,Ty,Ty Johnson,Johnson,3.0799999237060547,5,4900,BUF@KC,BUF,KC,,,,,,RB/FLEX
96883-71352,WR,Mecole,Mecole Hardman Jr.,Hardman Jr.,1.25,6,4900,BUF@KC,KC,BUF,IR,Thumb,,,,WR/FLEX
96883-138998,TE,Michael,Michael Mayer,Mayer,4.409999847412109,10,4900,MIN@LV,LV,MIN,,,,,,TE/FLEX
96883-70422,WR,Kalif,Kalif Raymond,Raymond,5.241666793823242,12,4900,DET@CHI,DET,CHI,,,,,,WR/FLEX
96883-86811,TE,Cade,Cade Otton,Otton,6.527273004705256,11,4900,TB@ATL,TB,ATL,,,,,,TE/FLEX
96883-85845,WR,Rashod,Rashod Bateman,Bateman,3.8545455932617188,11,4900,LAR@BAL,BAL,LAR,,,,,,WR/FLEX
96883-61273,WR,Scotty,Scotty Miller,Miller,3,8,4900,TB@ATL,ATL,TB,,,,,,WR/FLEX
96883-60451,TE,Tyler,Tyler Conklin,Conklin,5.491666793823242,12,4800,HOU@NYJ,NYJ,HOU,,,,,,TE/FLEX
96883-12556,D,Houston,Houston Texans,Texans,6.75,12,4800,HOU@NYJ,HOU,NYJ,,,,,,DEF
96883-64905,WR,Trenton,Trenton Irwin,Irwin,4.344444274902344,9,4800,IND@CIN,CIN,IND,,,,,,WR/FLEX
96883-138643,WR,Jason,Jason Brownlee,Brownlee,1.5,2,4800,HOU@NYJ,NYJ,HOU,O,Ankle,,,,WR/FLEX
96883-114180,WR,David,David Bell,Bell,0.9375,8,4800,JAC@CLE,CLE,JAC,,,,,,WR/FLEX
96883-147051,RB,Jaleel,Jaleel McLaughlin,McLaughlin,5.583333333333333,12,4800,DEN@LAC,DEN,LAC,,,,,,RB/FLEX
96883-86646,RB,Trey,Trey Sermon,Sermon,0.549999992052714,6,4800,IND@CIN,IND,CIN,,,,,,RB/FLEX
96883-85672,WR,Terrace,Terrace Marshall Jr.,Marshall Jr.,3.1999999455043246,7,4800,CAR@NO,CAR,NO,,,,,,WR/FLEX
96883-104278,TE,Donald,Donald Parham Jr.,Parham Jr.,5.3599998474121096,10,4800,DEN@LAC,LAC,DEN,,,,,,TE/FLEX
96883-30733,RB,Cordarrelle,Cordarrelle Patterson,Patterson,2.362499952316284,8,4700,TB@ATL,ATL,TB,,,,,,RB/FLEX
96883-71705,TE,Noah,Noah Fant,Fant,3.763636502352628,11,4700,SEA@SF,SEA,SF,,,,,,TE/FLEX
96883-83117,TE,Tanner,Tanner Hudson,Hudson,5.114285605294364,7,4700,IND@CIN,CIN,IND,,,,,,TE/FLEX
96883-12554,D,Jacksonville,Jacksonville Jaguars,Jaguars,7.5,12,4700,JAC@CLE,JAC,CLE,,,,,,DEF
96883-120093,WR,Marvin,Marvin Mims Jr.,Mims Jr.,4.041666666666667,12,4700,DEN@LAC,DEN,LAC,,,,,,WR/FLEX
96883-64808,TE,Juwan,Juwan Johnson,Johnson,3.6500000953674316,8,4700,CAR@NO,NO,CAR,Q,Quadriceps,,,,TE/FLEX
96883-64841,WR,Equanimeous,Equanimeous St. Brown,St. Brown,1.600000023841858,4,4700,DET@CHI,CHI,DET,O,Pectoral,,,,WR/FLEX
96883-71105,WR,Ben,Ben Skowronek,Skowronek,1.787500023841858,8,4700,LAR@BAL,LAR,BAL,,,,,,WR/FLEX
96883-71143,TE,Kylen,Kylen Granson,Granson,4.090000152587891,10,4700,IND@CIN,IND,CIN,,,,,,TE/FLEX
96883-55970,RB,Royce,Royce Freeman,Freeman,6.866666793823242,6,4700,LAR@BAL,LAR,BAL,,,,,,RB/FLEX
96883-93143,TE,Noah,Noah Gray,Gray,3.9750000635782876,12,4700,BUF@KC,KC,BUF,,,,,,TE/FLEX
96883-72725,TE,Irv,Irv Smith Jr.,Smith Jr.,2.7125000953674316,8,4600,IND@CIN,CIN,IND,,,,,,TE/FLEX
96883-64585,TE,Dawson,Dawson Knox,Knox,3.671428680419922,7,4600,BUF@KC,BUF,KC,Q,Wrist,,,,TE/FLEX
96883-87122,WR,Lynn,Lynn Bowden Jr.,Bowden Jr.,1.2199999809265136,5,4600,CAR@NO,NO,CAR,,,,,,WR/FLEX
96883-83081,RB,Chase,Chase Edmonds,Edmonds,1.3875000476837158,8,4600,TB@ATL,TB,ATL,,,,,,RB/FLEX
96883-129240,WR,Tyler,Tyler Scott,Scott,1.7222222222222223,9,4600,DET@CHI,CHI,DET,Q,Hamstring,,,,WR/FLEX
96883-130270,TE,Adam,Adam Trautman,Trautman,2.7999998728434243,12,4600,DEN@LAC,DEN,LAC,,,,,,TE/FLEX
96883-185593,WR,Andrei,Andrei Iosivas,Iosivas,3.066666603088379,6,4600,IND@CIN,CIN,IND,,,,,,WR/FLEX
96883-92413,RB,Elijah,Elijah Mitchell,Mitchell,1.8666665818956163,9,4600,SEA@SF,SF,SEA,D,Knee,,,,RB/FLEX
96883-12544,D,New York,New York Jets,Jets,8.75,12,4600,HOU@NYJ,NYJ,HOU,,,,,,DEF
96883-94481,WR,Deven,Deven Thompkins,Thompkins,2.3090908744118432,11,4600,TB@ATL,TB,ATL,,,,,,WR/FLEX
96883-60712,TE,Foster,Foster Moreau,Moreau,3.828571319580078,7,4600,CAR@NO,NO,CAR,,,,,,TE/FLEX
96883-63907,TE,Josh,Josh Oliver,Oliver,3.7249999046325684,8,4600,MIN@LV,MIN,LV,,,,,,TE/FLEX
96883-73176,TE,Luke,Luke Farrell,Farrell,2.1875,8,4600,JAC@CLE,JAC,CLE,,,,,,TE/FLEX
96883-91101,TE,Tommy,Tommy Tremble,Tremble,4.112500190734863,8,4600,CAR@NO,CAR,NO,Q,Hip,,,,TE/FLEX
96883-62505,TE,MyCole,MyCole Pruitt,Pruitt,2.1285713740757535,7,4500,TB@ATL,ATL,TB,,,,,,TE/FLEX
96883-105648,RB,Tyler,Tyler Goodson,Goodson,2.0999999046325684,1,4500,IND@CIN,IND,CIN,,,,,,RB/FLEX
96883-103619,WR,Tre,Tre Tucker,Tucker,2.9333332909478083,9,4500,MIN@LV,LV,MIN,,,,,,WR/FLEX
96883-63697,TE,Brycen,Brycen Hopkins,Hopkins,1.149999976158142,4,4500,LAR@BAL,LAR,BAL,,,,,,TE/FLEX
96883-12555,D,Baltimore,Baltimore Ravens,Ravens,10.5,12,4500,LAR@BAL,BAL,LAR,,,,,,DEF
96883-71031,WR,Lil'Jordan,Lil'Jordan Humphrey,Humphrey,2,8,4500,DEN@LAC,DEN,LAC,,,,,,WR/FLEX
96883-56711,TE,Drew,Drew Sample,Sample,3.033333248562283,9,4500,IND@CIN,CIN,IND,,,,,,TE/FLEX
96883-114100,RB,Isaiah,Isaiah Spiller,Spiller,1.0333333015441895,6,4500,DEN@LAC,LAC,DEN,,,,,,RB/FLEX
96883-32243,WR,Marquise,Marquise Goodwin,Goodwin,0.644444465637207,9,4500,JAC@CLE,CLE,JAC,,,,,,WR/FLEX
96883-70157,RB,Darrell,Darrell Henderson Jr.,Henderson Jr.,9.625,4,4500,LAR@BAL,LAR,BAL,,,,,,RB/FLEX
96883-64031,TE,Hayden,Hayden Hurst,Hurst,3.7111112806532116,9,4500,CAR@NO,CAR,NO,O,Concussion,,,,TE/FLEX
96883-160306,RB,Pierre,Pierre Strong Jr.,Strong Jr.,3.177777820163303,9,4500,JAC@CLE,CLE,JAC,,,,,,RB/FLEX
96883-71246,WR,Marquez,Marquez Callaway,Callaway,2.9799999237060546,10,4500,CAR@NO,NO,CAR,,,,,,WR/FLEX
96883-27229,RB,Ameer,Ameer Abdullah,Abdullah,1.5909090909090908,11,4500,MIN@LV,LV,MIN,,,,,,RB/FLEX
96883-62055,WR,Ray-Ray,Ray-Ray McCloud III,McCloud III,1.6454545801336116,11,4500,SEA@SF,SF,SEA,IR,Ribs,,,,WR/FLEX
96883-52922,RB,Leonard,Leonard Fournette,Fournette,11.341176650103401,17,4500,BUF@KC,BUF,KC,,,,,,RB/FLEX
96883-27403,TE,Blake,Blake Bell,Bell,1.850000023841858,4,4500,BUF@KC,KC,BUF,,,,,,TE/FLEX
96883-91931,TE,Greg,Greg Dulcich,Dulcich,2,2,4500,DEN@LAC,DEN,LAC,IR,Hamstring,,,,TE/FLEX
96883-87859,WR,Laviska,Laviska Shenault Jr.,Shenault Jr.,1.65,10,4500,CAR@NO,CAR,NO,IR,Ankle,,,,WR/FLEX
96883-89964,WR,Justyn,Justyn Ross,Ross,0.9800000190734863,5,4500,BUF@KC,KC,BUF,IR,Personal,,,,WR/FLEX
96883-94087,RB,DeeJay,DeeJay Dallas,Dallas,0.4166666666666667,12,4500,SEA@SF,SEA,SF,,,,,,RB/FLEX
96883-94116,TE,Will,Will Mallory,Mallory,1.6875,8,4500,IND@CIN,IND,CIN,,,,,,TE/FLEX
96883-14257,WR,Randall,Randall Cobb,Cobb,0.7857142857142857,7,4500,HOU@NYJ,NYJ,HOU,,,,,,WR/FLEX
96883-93150,WR,Jake,Jake Bobo,Bobo,3.900000138716264,11,4500,SEA@SF,SEA,SF,,,,,,WR/FLEX
96883-69655,TE,Stephen,Stephen Sullivan,Sullivan,2.1666666666666665,6,4400,CAR@NO,CAR,NO,Q,Shoulder,,,,TE/FLEX
96883-40126,TE,Austin,Austin Hooper,Hooper,2.0363636016845703,11,4400,MIN@LV,LV,MIN,,,,,,TE/FLEX
96883-12532,D,Detroit,Detroit Lions,Lions,5.916666666666667,12,4400,DET@CHI,DET,CHI,,,,,,DEF
96883-53498,WR,Richie,Richie James Jr.,James Jr.,0.20000000298023224,4,4400,BUF@KC,KC,BUF,,,,,,WR/FLEX
96883-91401,WR,Ronnie,Ronnie Bell,Bell,2.183333396911621,6,4400,SEA@SF,SF,SEA,,,,,,WR/FLEX
96883-91426,WR,Donovan,Donovan Peoples-Jones,Peoples-Jones,1.5222222010294597,9,4400,DET@CHI,DET,CHI,,,,,,WR/FLEX
96883-89437,WR,Tim,Tim Jones,Jones,1.3166666825612385,6,4400,JAC@CLE,JAC,CLE,,,,,,WR/FLEX
96883-71032,WR,Devin,Devin Duvernay,Duvernay,0.48181819915771484,11,4400,LAR@BAL,BAL,LAR,,,,,,WR/FLEX
96883-92545,RB,Keaontay,Keaontay Ingram,Ingram,1.7142857142857142,7,4400,BUF@KC,KC,BUF,,,,,,RB/FLEX
96883-53639,WR,Isaiah,Isaiah McKenzie,McKenzie,1.2583333651224773,12,4400,IND@CIN,IND,CIN,,,,,,WR/FLEX
96883-94621,WR,Derius,Derius Davis,Davis,1.9833332697550456,12,4400,DEN@LAC,LAC,DEN,,,,,,WR/FLEX
96883-92590,RB,Raheem,Raheem Blackshear,Blackshear,1.6999999682108562,6,4400,CAR@NO,CAR,NO,,,,,,RB/FLEX
96883-91578,RB,Zamir,Zamir White,White,1.0444444020589192,9,4400,MIN@LV,LV,MIN,,,,,,RB/FLEX
96883-73247,RB,Kene,Kene Nwangwu,Nwangwu,0.22499999403953552,4,4400,MIN@LV,MIN,LV,,,,,,RB/FLEX
96883-104176,WR,Deonte,Deonte Harty,Harty,2.1636362942782315,11,4400,BUF@KC,BUF,KC,,,,,,WR/FLEX
96883-72493,WR,Trishton,Trishton Jackson,Jackson,1.3000000317891438,3,4400,MIN@LV,MIN,LV,,,,,,WR/FLEX
96883-104289,WR,Malik,Malik Taylor,Taylor,1.149999976158142,2,4400,HOU@NYJ,NYJ,HOU,,,,,,WR/FLEX
96883-91046,TE,Brock,Brock Wright,Wright,2.857142857142857,7,4400,DET@CHI,DET,CHI,,,,,,TE/FLEX
96883-24533,TE,Mo,Mo Alie-Cox,Alie-Cox,2.1333334181043835,9,4400,IND@CIN,IND,CIN,,,,,,TE/FLEX
96883-104424,RB,Craig,Craig Reynolds,Reynolds,3.387500047683716,8,4400,DET@CHI,DET,CHI,,,,,,RB/FLEX
96883-70661,WR,Velus,Velus Jones Jr.,Jones Jr.,0.574999988079071,8,4300,DET@CHI,CHI,DET,Q,Illness,,,,WR/FLEX
96883-64576,RB,Damien,Damien Harris,Harris,3,6,4300,BUF@KC,BUF,KC,IR,Concussion,,,,RB/FLEX
96883-79979,WR,Jamal,Jamal Agnew,Agnew,1.412500023841858,8,4300,JAC@CLE,JAC,CLE,IR,Shoulder,,,,WR/FLEX
96883-54426,TE,Andrew,Andrew Beck,Beck,1.6333333121405706,9,4300,HOU@NYJ,HOU,NYJ,,,,,,TE/FLEX
96883-28827,RB,Dare,Dare Ogunbowale,Ogunbowale,1.350000023841858,4,4300,HOU@NYJ,HOU,NYJ,,,,,,RB/FLEX
96883-62628,WR,DeAndre,DeAndre Carter,Carter,0.575000007947286,12,4300,MIN@LV,LV,MIN,,,,,,WR/FLEX
96883-93391,TE,Payne,Payne Durham,Durham,0.7571428843906948,7,4300,TB@ATL,TB,ATL,,,,,,TE/FLEX
96883-28907,WR,Alex,Alex Erickson,Erickson,1.6749999523162842,4,4300,DEN@LAC,LAC,DEN,,,,,,WR/FLEX
96883-11512,TE,Jimmy,Jimmy Graham,Graham,2.8799999237060545,5,4300,CAR@NO,NO,CAR,,,,,,TE/FLEX
96883-12542,D,New Orleans,New Orleans Saints,Saints,7.166666666666667,12,4300,CAR@NO,NO,CAR,,,,,,DEF
96883-80353,TE,Robert,Robert Tonyan,Tonyan,1.162500023841858,8,4300,DET@CHI,CHI,DET,,,,,,TE/FLEX
96883-89588,TE,Colby,Colby Parkinson,Parkinson,2.2,10,4300,SEA@SF,SEA,SF,,,,,,TE/FLEX
96883-103966,TE,Stone,Stone Smartt,Smartt,1.7222222222222223,9,4300,DEN@LAC,LAC,DEN,,,,,,TE/FLEX
96883-71241,WR,Brandon,Brandon Johnson,Johnson,5.700000127156575,6,4300,DEN@LAC,DEN,LAC,,,,,,WR/FLEX
96883-147049,TE,Drew,Drew Ogletree,Ogletree,3.466666751437717,9,4300,IND@CIN,IND,CIN,,,,,,TE/FLEX
96883-71351,TE,Charlie,Charlie Woerner,Woerner,0.4666666587193807,3,4300,SEA@SF,SF,SEA,,,,,,TE/FLEX
96883-92859,WR,Jalen,Jalen Nailor,Nailor,1.0499999523162842,2,4300,MIN@LV,MIN,LV,,,,,,WR/FLEX
96883-56059,WR,Trent,Trent Sherfield,Sherfield,1.4666666984558105,6,4300,BUF@KC,BUF,KC,,,,,,WR/FLEX
96883-87815,TE,Jeremy,Jeremy Ruckert,Ruckert,1.912500023841858,8,4300,HOU@NYJ,NYJ,HOU,,,,,,TE/FLEX
96883-72515,TE,Ian,Ian Thomas,Thomas,1.4199999809265136,5,4300,CAR@NO,CAR,NO,,,,,,TE/FLEX
96883-41806,WR,Laquon,Laquon Treadwell,Treadwell,2.3999999364217124,3,4300,LAR@BAL,BAL,LAR,,,,,,WR/FLEX
96883-120657,RB,Kendre,Kendre Miller,Miller,3.414285659790039,7,4300,CAR@NO,NO,CAR,O,Ankle,,,,RB/FLEX
96883-93075,TE,Hunter,Hunter Long,Long,0,1,4300,LAR@BAL,LAR,BAL,,,,,,TE/FLEX
96883-45997,WR,Keith,Keith Kirkwood,Kirkwood,0.5999999841054281,6,4300,CAR@NO,NO,CAR,,,,,,WR/FLEX
96883-119788,WR,Xavier,Xavier Hutchinson,Hutchinson,1.6166666348775227,6,4300,HOU@NYJ,HOU,NYJ,,,,,,WR/FLEX
96883-57338,TE,Jordan,Jordan Akins,Akins,1.0750000476837158,8,4300,JAC@CLE,CLE,JAC,,,,,,TE/FLEX
96883-90123,TE,Quintin,Quintin Morris,Morris,3.2000001271565757,3,4200,BUF@KC,BUF,KC,,,,,,TE/FLEX
96883-86113,WR,Ihmir,Ihmir Smith-Marsette,Smith-Marsette,0.6583333412806193,12,4200,CAR@NO,CAR,NO,,,,,,WR/FLEX
96883-79980,TE,Eric,Eric Saubert,Saubert,0.3333333333333333,3,4200,HOU@NYJ,HOU,NYJ,,,,,,TE/FLEX
96883-103587,TE,Brenton,Brenton Strange,Strange,2.8499999046325684,4,4200,JAC@CLE,JAC,CLE,O,Foot,,,,TE/FLEX
96883-129219,RB,Israel,Israel Abanikanda,Abanikanda,1.0499999523162842,2,4200,HOU@NYJ,NYJ,HOU,,,,,,RB/FLEX
96883-83138,TE,Ross,Ross Dwelley,Dwelley,0.5666666825612386,3,4200,SEA@SF,SF,SEA,O,Ankle,,,,TE/FLEX
96883-28900,RB,Melvin,Melvin Gordon III,Gordon III,5.699999809265137,2,4200,LAR@BAL,BAL,LAR,,,,,,RB/FLEX
96883-12551,D,Tampa Bay,Tampa Bay Buccaneers,Buccaneers,7.416666666666667,12,4200,TB@ATL,TB,ATL,,,,,,DEF
96883-149832,TE,Shane,Shane Zylstra,Zylstra,4.4375,8,4200,DET@CHI,DET,CHI,IR,Knee,,,,TE/FLEX
96883-93531,WR,Antoine,Antoine Green,Green,0.23333332935969034,3,4200,DET@CHI,DET,CHI,,,,,,WR/FLEX
96883-56708,TE,Will,Will Dissly,Dissly,1.7555555767483182,9,4200,SEA@SF,SEA,SF,,,,,,TE/FLEX
96883-43416,WR,Trent,Trent Taylor,Taylor,-0.022222222553359136,9,4200,DET@CHI,CHI,DET,,,,,,WR/FLEX
96883-44449,WR,Willie,Willie Snead IV,Snead IV,0.4666666587193807,3,4200,SEA@SF,SF,SEA,,,,,,WR/FLEX
96883-102831,TE,Davis,Davis Allen,Allen,0.550000011920929,2,4200,LAR@BAL,LAR,BAL,,,,,,TE/FLEX
96883-40371,TE,Johnny,Johnny Mundt,Mundt,1.75,4,4200,MIN@LV,MIN,LV,,,,,,TE/FLEX
96883-31207,TE,C.J.,C.J. Uzomah,Uzomah,2.257142884390695,7,4200,HOU@NYJ,NYJ,HOU,IR,Knee - mcl,,,,TE/FLEX
96883-89613,WR,Simi,Simi Fehoko,Fehoko,3.700000047683716,2,4200,DEN@LAC,LAC,DEN,,,,,,WR/FLEX
96883-18009,TE,Chris,Chris Manhertz,Manhertz,0.5199999809265137,5,4200,DEN@LAC,DEN,LAC,,,,,,TE/FLEX
96883-63078,RB,Ke'Shawn,Ke'Shawn Vaughn,Vaughn,0.9000000158945719,6,4200,TB@ATL,TB,ATL,,,,,,RB/FLEX
96883-88685,WR,Austin,Austin Trammell,Trammell,0.3222222328186035,9,4200,LAR@BAL,LAR,BAL,,,,,,WR/FLEX
96883-85635,TE,Charlie,Charlie Kolar,Kolar,0.3599999904632568,5,4200,LAR@BAL,BAL,LAR,,,,,,TE/FLEX
96883-61060,RB,Devine,Devine Ozigbo,Ozigbo,0.8999999761581421,2,4200,DET@CHI,DET,CHI,,,,,,RB/FLEX
96883-65182,TE,Mitchell,Mitchell Wilcox,Wilcox,0.7857142857142857,7,4200,IND@CIN,CIN,IND,,,,,,TE/FLEX
96883-88752,WR,Charlie,Charlie Jones,Jones,1.4199999809265136,5,4200,IND@CIN,CIN,IND,,,,,,WR/FLEX
96883-58041,RB,Mike,Mike Boone,Boone,1.225000023841858,8,4200,HOU@NYJ,HOU,NYJ,,,,,,RB/FLEX
96883-63186,WR,James,James Proche II,Proche II,-0.4,5,4200,JAC@CLE,CLE,JAC,,,,,,WR/FLEX
96883-92890,WR,Cody,Cody White,White,0.699999988079071,1,4200,SEA@SF,SEA,SF,,,,,,WR/FLEX
96883-71444,RB,Travis,Travis Homer,Homer,0,4,4200,DET@CHI,CHI,DET,,,,,,RB/FLEX
96883-91971,RB,Ronnie,Ronnie Rivers,Rivers,1.9,5,4200,LAR@BAL,LAR,BAL,IR,Knee - pcl,,,,RB/FLEX
96883-86875,RB,Jordan,Jordan Mason,Mason,3.3125,8,4200,SEA@SF,SF,SEA,,,,,,RB/FLEX
96883-136031,WR,Rakim,Rakim Jarrett,Jarrett,1,8,4200,TB@ATL,TB,ATL,IR,Quadriceps,,,,WR/FLEX
96883-70663,WR,Frank,Frank Darby,Darby,2,1,4100,TB@ATL,ATL,TB,,,,,,WR/FLEX
96883-86075,TE,Lucas,Lucas Krull,Krull,0,2,4100,DEN@LAC,DEN,LAC,,,,,,TE/FLEX
96883-89157,RB,Caleb,Caleb Huntley,Huntley,3.6583334604899087,12,4100,TB@ATL,ATL,TB,Q,Achilles,,,,RB/FLEX
96883-65607,TE,Jacob,Jacob Harris,Harris,1.100000023841858,1,4100,JAC@CLE,JAC,CLE,,,,,,TE/FLEX
96883-68714,TE,Ko,Ko Kieft,Kieft,0,3,4100,TB@ATL,TB,ATL,,,,,,TE/FLEX
96883-55414,WR,Cody,Cody Thompson,Thompson,0.75,2,4100,SEA@SF,SEA,SF,,,,,,WR/FLEX
96883-89209,RB,Trestan,Trestan Ebner,Ebner,0.5199999809265137,10,4100,DET@CHI,CHI,DET,Q,Concussion,,,,RB/FLEX
96883-79998,WR,Keelan,Keelan Cole Sr.,Cole Sr.,2.281818216497248,11,4100,MIN@LV,LV,MIN,,,,,,WR/FLEX
96883-58499,TE,Parker,Parker Hesse,Hesse,1.4888888465033636,9,4100,TB@ATL,ATL,TB,,,,,,TE/FLEX
96883-32957,TE,Eric,Eric Tomlinson,Tomlinson,3.049999952316284,8,4100,LAR@BAL,BAL,LAR,,,,,,TE/FLEX
96883-89283,TE,Tre',Tre' McKitty,McKitty,0,1,4100,BUF@KC,BUF,KC,,,,,,TE/FLEX
96883-149710,WR,Mike,Mike Strachan,Strachan,2.5,2,4100,CAR@NO,CAR,NO,,,,,,WR/FLEX
96883-25813,WR,Phillip,Phillip Dorsett II,Dorsett II,0,1,4100,DEN@LAC,DEN,LAC,,,,,,WR/FLEX
96883-93404,RB,Zander,Zander Horvath,Horvath,2.012500047683716,8,4100,DEN@LAC,LAC,DEN,,,,,,RB/FLEX
96883-70889,RB,Benny,Benny Snell Jr.,Snell Jr.,2.9500001271565757,6,4100,DET@CHI,DET,CHI,,,,,,RB/FLEX
96883-12525,D,Atlanta,Atlanta Falcons,Falcons,6.75,12,4100,TB@ATL,ATL,TB,,,,,,DEF
96883-12535,D,Indianapolis,Indianapolis Colts,Colts,9.333333333333334,12,4100,IND@CIN,IND,CIN,,,,,,DEF
96883-131328,RB,Zach,Zach Evans,Evans,0.4000000059604645,4,4100,LAR@BAL,LAR,BAL,,,,,,RB/FLEX
96883-137516,WR,Parker,Parker Washington,Washington,5.033333460489909,3,4100,JAC@CLE,JAC,CLE,,,,,,WR/FLEX
96883-102729,RB,Snoop,Snoop Conner,Conner,2.0399999618530273,5,4100,JAC@CLE,JAC,CLE,,,,,,RB/FLEX
96883-63839,TE,Tyler,Tyler Mabry,Mabry,7.199999809265137,1,4100,SEA@SF,SEA,SF,,,,,,TE/FLEX
96883-22898,RB,Brandon,Brandon Bolden,Bolden,0,2,4100,MIN@LV,LV,MIN,,,,,,RB/FLEX
96883-110978,RB,Evan,Evan Hull,Hull,1.2000000476837158,1,4100,IND@CIN,IND,CIN,IR,Knee,,,,RB/FLEX
96883-80294,TE,Anthony,Anthony Firkser,Firkser,1.8125,8,4100,DET@CHI,DET,CHI,,,,,,TE/FLEX
96883-80299,RB,Patrick,Patrick Ricard,Ricard,1.1333333651224773,6,4100,LAR@BAL,BAL,LAR,,,,,,RB/FLEX
96883-87469,TE,Jelani,Jelani Woods,Woods,5.141666730244954,12,4100,IND@CIN,IND,CIN,IR,Hamstring,,,,TE/FLEX
96883-103896,WR,Nsimba,Nsimba Webster,Webster,2.4000000953674316,1,4100,DET@CHI,CHI,DET,,,,,,WR/FLEX
96883-87515,WR,Tylan,Tylan Wallace,Wallace,0,2,4100,LAR@BAL,BAL,LAR,,,,,,WR/FLEX
96883-14820,RB,Nick,Nick Bellore,Bellore,0,2,4100,SEA@SF,SEA,SF,,,,,,RB/FLEX
96883-102893,RB,Tyrion,Tyrion Davis-Price,Davis-Price,1.0499999523162842,2,4100,SEA@SF,SF,SEA,,,,,,RB/FLEX
96883-72182,WR,Dee,Dee Eskridge,Eskridge,0.125,4,4100,SEA@SF,SEA,SF,Q,Ribs,,,,WR/FLEX
96883-34295,WR,Breshad,Breshad Perriman,Perriman,2.3499999046325684,8,4100,IND@CIN,IND,CIN,,,,,,WR/FLEX
96883-60930,RB,Myles,Myles Gaskin,Gaskin,0,1,4100,MIN@LV,MIN,LV,,,,,,RB/FLEX
96883-39428,RB,Kyle,Kyle Juszczyk,Juszczyk,3.3000000544956754,7,4100,SEA@SF,SF,SEA,,,,,,RB/FLEX
96883-6672,TE,Marcedes,Marcedes Lewis,Lewis,0.5666666825612386,6,4100,DET@CHI,CHI,DET,,,,,,TE/FLEX
96883-62994,WR,Steven,Steven Sims,Sims,3.5,1,4100,HOU@NYJ,HOU,NYJ,,,,,,WR/FLEX
96883-185878,RB,Elijah,Elijah Dotson,Dotson,0.9666666984558105,3,4100,DEN@LAC,LAC,DEN,,,,,,RB/FLEX
96883-69168,WR,N'Keal,N'Keal Harry,Harry,0,1,4100,MIN@LV,MIN,LV,,,,,,WR/FLEX
96883-173626,TE,Nate,Nate Adkins,Adkins,0.8399999618530274,5,4100,DEN@LAC,DEN,LAC,,,,,,TE/FLEX
96883-150090,WR,Cade,Cade Johnson,Johnson,2.8333333333333335,3,4100,SEA@SF,SEA,SF,,,,,,WR/FLEX
96883-94831,RB,Deneric,Deneric Prince,Prince,,,4100,BUF@KC,KC,BUF,,,,,,RB/FLEX
96883-61072,WR,Stanley,Stanley Morgan,Morgan,0,1,4100,IND@CIN,CIN,IND,,,,,,WR/FLEX
96883-69276,WR,Bryan,Bryan Edwards,Edwards,0.75,4,4100,CAR@NO,NO,CAR,,,,,,WR/FLEX
96883-52897,RB,Darrel,Darrel Williams,Williams,3.8200000762939452,5,4100,CAR@NO,NO,CAR,,,,,,RB/FLEX
96883-94887,RB,Tyler,Tyler Badie,Badie,8.899999618530273,1,4100,DEN@LAC,DEN,LAC,,,,,,RB/FLEX
96883-72370,RB,J.J.,J.J. Taylor,Taylor,2.200000047683716,1,4100,HOU@NYJ,HOU,NYJ,,,,,,RB/FLEX
96883-89785,RB,Spencer,Spencer Brown,Brown,3.1500000953674316,2,4100,CAR@NO,CAR,NO,,,,,,RB/FLEX
96883-30403,WR,Chris,Chris Conley,Conley,1.649999976158142,4,4100,SEA@SF,SF,SEA,,,,,,WR/FLEX
96883-65231,RB,Adam,Adam Prentice,Prentice,-0.25,2,4100,CAR@NO,NO,CAR,,,,,,RB/FLEX
96883-53967,RB,Nick,Nick Bawden,Bawden,2.7999998728434243,3,4100,HOU@NYJ,NYJ,HOU,,,,,,RB/FLEX
96883-94936,RB,Larry,Larry Rountree III,Rountree III,2.1500000953674316,2,4100,HOU@NYJ,HOU,NYJ,,,,,,RB/FLEX
96883-56041,RB,Khari,Khari Blasingame,Blasingame,0.5857142720903669,7,4100,DET@CHI,CHI,DET,,,,,,RB/FLEX
96883-72427,WR,Kwamie,Kwamie Lassiter II,Lassiter II,0.699999988079071,1,4100,IND@CIN,CIN,IND,,,,,,WR/FLEX
96883-69383,WR,Dezmon,Dezmon Patmon,Patmon,3.4000000953674316,1,4100,CAR@NO,CAR,NO,,,,,,WR/FLEX
96883-136970,WR,Danny,Danny Gray,Gray,0.48000001907348633,5,4100,SEA@SF,SF,SEA,IR,Shoulder - ac joint,,,,WR/FLEX
96883-70426,RB,Reggie,Reggie Gilliam,Gilliam,0.4000000059604645,2,4100,BUF@KC,BUF,KC,,,,,,RB/FLEX
96883-103252,RB,Zonovan,Zonovan Knight,Knight,1.2999999523162842,2,4100,DET@CHI,DET,CHI,IR,Shoulder,,,,RB/FLEX
96883-137059,RB,Sean,Sean Tucker,Tucker,0.8399999618530274,5,4100,TB@ATL,TB,ATL,,,,,,RB/FLEX
96883-93026,TE,Teagan,Teagan Quitoriano,Quitoriano,1.433333396911621,3,4100,HOU@NYJ,HOU,NYJ,IR,Groin,,,,TE/FLEX
96883-70501,RB,C.J.,C.J. Ham,Ham,0.8166666825612386,6,4100,MIN@LV,MIN,LV,,,,,,RB/FLEX
96883-104297,WR,Jason,Jason Moore,Moore,1,1,4100,DET@CHI,DET,CHI,,,,,,WR/FLEX
96883-64403,WR,Irvin,Irvin Charles,Charles,0,1,4100,HOU@NYJ,NYJ,HOU,,,,,,WR/FLEX
96883-63419,WR,Andy,Andy Isabella,Isabella,0,1,4100,BUF@KC,BUF,KC,,,,,,WR/FLEX
96883-104388,WR,Tom,Tom Kennedy,Kennedy,3.0166667302449546,6,4100,DET@CHI,DET,CHI,,,,,,WR/FLEX
96883-65477,TE,Giovanni,Giovanni Ricci,Ricci,0.3499999940395355,2,4100,CAR@NO,CAR,NO,IR,Shoulder,,,,TE/FLEX
96883-43973,RB,Keith,Keith Smith,Smith,0.9600000381469727,5,4100,TB@ATL,ATL,TB,,,,,,RB/FLEX
96883-56289,RB,Jason,Jason Cabinda,Cabinda,0,1,4100,DET@CHI,DET,CHI,IR,Knee,,,,RB/FLEX
96883-85986,TE,James,James Mitchell,Mitchell,0,1,4100,DET@CHI,DET,CHI,,,,,,TE/FLEX
96883-104447,TE,Jody,Jody Fortson,Fortson,2.529999923706055,10,4100,BUF@KC,KC,BUF,IR,Shoulder,,,,TE/FLEX
96883-57342,WR,Tre'Quan,Tre'Quan Smith,Smith,0,1,4100,DEN@LAC,DEN,LAC,,,,,,WR/FLEX
96883-193538,RB,Aaron,Aaron Dykes,Dykes,,,4000,MIN@LV,MIN,LV,,,,,,RB/FLEX
96883-110603,RB,Titus,Titus Swen,Swen,,,4000,IND@CIN,IND,CIN,,,,,,RB/FLEX
96883-96269,RB,Owen,Owen Wright,Wright,0,1,4000,LAR@BAL,BAL,LAR,,,,,,RB/FLEX
96883-40977,TE,Ricky,Ricky Seals-Jones,Seals-Jones,,,4000,IND@CIN,IND,CIN,Q,Foot,,,,TE/FLEX
96883-170000,WR,Shemar,Shemar Bridges,Bridges,,,4000,LAR@BAL,BAL,LAR,,,,,,WR/FLEX
96883-28694,TE,Jesse,Jesse James,James,,,4000,MIN@LV,LV,MIN,,,,,,TE/FLEX
96883-110624,WR,C.J.,C.J. Johnson,Johnson,,,4000,SEA@SF,SEA,SF,,,,,,WR/FLEX
96883-56356,WR,Isaiah,Isaiah Ford,Ford,,,4000,DET@CHI,CHI,DET,Q,Undisclosed,,,,WR/FLEX
96883-154661,WR,Michael,Michael Bandy,Bandy,1.5444444020589192,9,4000,DEN@LAC,DEN,LAC,,,,,,WR/FLEX
96883-133163,WR,Ra'Shaun,Ra'Shaun Henry,Henry,,,4000,SEA@SF,SEA,SF,Q,Undisclosed,,,,WR/FLEX
96883-63550,WR,Isaiah,Isaiah Zuber,Zuber,,,4000,MIN@LV,LV,MIN,Q,Undisclosed,,,,WR/FLEX
96883-59455,TE,Sammis,Sammis Reyes,Reyes,,,4000,JAC@CLE,JAC,CLE,IR,Concussion,,,,TE/FLEX
96883-72772,RB,Avery,Avery Williams,Williams,1.6176470588235294,17,4000,TB@ATL,ATL,TB,IR,Knee - acl,,,,RB/FLEX
96883-174148,RB,Carlos,Carlos Washington Jr.,Washington Jr.,,,4000,TB@ATL,ATL,TB,,,,,,RB/FLEX
96883-91207,WR,Keytaon,Keytaon Thompson,Thompson,,,4000,DET@CHI,DET,CHI,,,,,,WR/FLEX
96883-165962,TE,Nikola,Nikola Kalinic,Kalinic,0,1,4000,LAR@BAL,LAR,BAL,,,,,,TE/FLEX
96883-87112,WR,Josh,Josh Ali,Ali,0,1,4000,TB@ATL,ATL,TB,IR,Ankle,,,,WR/FLEX
96883-27721,WR,Justin,Justin Hardee Sr.,Hardee Sr.,0,1,4000,HOU@NYJ,NYJ,HOU,,,,,,WR/FLEX
96883-68686,WR,C.J.,C.J. Saunders,Saunders,,,4000,TB@ATL,ATL,TB,,,,,,WR/FLEX
96883-41042,WR,Marcell,Marcell Ateman,Ateman,,,4000,BUF@KC,BUF,KC,,,,,,WR/FLEX
96883-63576,WR,Kirk,Kirk Merritt,Merritt,,,4000,CAR@NO,NO,CAR,,,,,,WR/FLEX
96883-65627,WR,Maurice,Maurice Alexander,Alexander,0.40000001589457196,3,4000,DET@CHI,DET,CHI,,,,,,WR/FLEX
96883-42077,TE,James,James Winchester,Winchester,0,2,4000,BUF@KC,KC,BUF,,,,,,TE/FLEX
96883-24671,WR,Adam,Adam Humphries,Humphries,,,4000,HOU@NYJ,HOU,NYJ,,,,,,WR/FLEX
96883-92256,WR,Malik,Malik Knowles,Knowles,,,4000,MIN@LV,MIN,LV,IR,Undisclosed,,,,WR/FLEX
96883-46177,TE,David,David Wells,Wells,0,3,4000,TB@ATL,TB,ATL,,,,,,TE/FLEX
96883-79974,RB,Tarik,Tarik Cohen,Cohen,,,4000,CAR@NO,CAR,NO,O,Hamstring,,,,RB/FLEX
96883-68712,WR,Tyler,Tyler Johnson,Johnson,,,4000,LAR@BAL,LAR,BAL,,,,,,WR/FLEX
96883-94314,RB,Camerun,Camerun Peoples,Peoples,,,4000,CAR@NO,CAR,NO,,,,,,RB/FLEX
96883-79987,WR,David,David Moore,Moore,0,1,4000,TB@ATL,TB,ATL,,,,,,WR/FLEX
96883-64627,WR,Scotty,Scotty Washington,Washington,,,4000,LAR@BAL,BAL,LAR,,,,,,WR/FLEX
96883-63603,WR,Jared,Jared Pinkney,Pinkney,,,4000,DET@CHI,CHI,DET,Q,Undisclosed,,,,WR/FLEX
96883-61555,WR,David,David Sills V,Sills V,2.3000000544956754,7,4000,DEN@LAC,DEN,LAC,,,,,,WR/FLEX
96883-30837,WR,Jordan,Jordan Matthews,Matthews,0,1,4000,CAR@NO,CAR,NO,,,,,,WR/FLEX
96883-69752,WR,Jalen,Jalen Virgil,Virgil,3.125,4,4000,DEN@LAC,DEN,LAC,IR,Knee - meniscus,,,,WR/FLEX
96883-64634,WR,Alex,Alex Bachman,Bachman,,,4000,HOU@NYJ,HOU,NYJ,,,,,,WR/FLEX
96883-89214,RB,Abram,Abram Smith,Smith,,,4000,MIN@LV,MIN,LV,,,,,,RB/FLEX
96883-84101,WR,Vyncint,Vyncint Smith,Smith,,,4000,IND@CIN,IND,CIN,,,,,,WR/FLEX
96883-63625,RB,Nyheim,Nyheim Hines,Hines,3.8055555555555554,18,4000,BUF@KC,BUF,KC,IR,Knee,,,,RB/FLEX
96883-95370,TE,Ryan,Ryan Miller,Miller,,,4000,TB@ATL,TB,ATL,,,,,,TE/FLEX
96883-155790,TE,Izaiah,Izaiah Gathings,Gathings,,,4000,BUF@KC,KC,BUF,,,,,,TE/FLEX
96883-71821,WR,Joe,Joe Reed,Reed,,,4000,DET@CHI,CHI,DET,IR,Undisclosed,,,,WR/FLEX
96883-89230,RB,Cam,Cam Akers,Akers,5.885714394705636,7,4000,MIN@LV,MIN,LV,IR,Achilles,,,,RB/FLEX
96883-83086,WR,Daurice,Daurice Fountain,Fountain,,,4000,DET@CHI,DET,CHI,,,,,,WR/FLEX
96883-94363,WR,Elijah,Elijah Cooks,Cooks,,,4000,JAC@CLE,JAC,CLE,,,,,,WR/FLEX
96883-89249,RB,Khalan,Khalan Laborn,Laborn,,,4000,SEA@SF,SF,SEA,,,,,,RB/FLEX
96883-178337,RB,Tyler,Tyler Hoosman,Hoosman,,,4000,DEN@LAC,LAC,DEN,,,,,,RB/FLEX
96883-86178,TE,Dominique,Dominique Dafney,Dafney,,,4000,TB@ATL,TB,ATL,Q,Undisclosed,,,,TE/FLEX
96883-92331,TE,Johnny,Johnny Lumpkin,Lumpkin,,,4000,IND@CIN,IND,CIN,,,,,,TE/FLEX
96883-89265,TE,Camren,Camren McDonald,McDonald,,,4000,LAR@BAL,LAR,BAL,,,,,,TE/FLEX
96883-86192,WR,KJ,KJ Hamler,Hamler,3.7166665395100913,6,4000,IND@CIN,IND,CIN,O,Undisclosed,,,,WR/FLEX
96883-89270,WR,Pokey,Pokey Wilson,Wilson,,,4000,DEN@LAC,LAC,DEN,,,,,,WR/FLEX
96883-52409,RB,Jakob,Jakob Johnson,Johnson,0.5666666825612386,3,4000,MIN@LV,LV,MIN,,,,,,RB/FLEX
96883-86203,WR,Justin,Justin Shorter,Shorter,,,4000,BUF@KC,BUF,KC,IR,Hamstring,,,,WR/FLEX
96883-86205,WR,Mac,Mac Hippenhammer,Hippenhammer,,,4000,IND@CIN,CIN,IND,,,,,,WR/FLEX
96883-87233,WR,Bryan,Bryan Thompson,Thompson,,,4000,BUF@KC,BUF,KC,,,,,,WR/FLEX
96883-65737,TE,Sam,Sam Tecklenburg,Tecklenburg,,,4000,CAR@NO,CAR,NO,,,,,,TE/FLEX
96883-69836,WR,Collin,Collin Johnson,Johnson,,,4000,DET@CHI,CHI,DET,,,,,,WR/FLEX
96883-149708,TE,Zach,Zach Davidson,Davidson,,,4000,BUF@KC,BUF,KC,IR,Undisclosed,,,,TE/FLEX
96883-167117,WR,Tyler,Tyler Hudson,Hudson,,,4000,LAR@BAL,LAR,BAL,,,,,,WR/FLEX
96883-52436,TE,Mark,Mark Andrews,Andrews,11.29000015258789,10,4000,LAR@BAL,BAL,LAR,IR,Ankle,,,,TE/FLEX
96883-70868,RB,Damarea,Damarea Crockett,Crockett,,,4000,HOU@NYJ,NYJ,HOU,,,,,,RB/FLEX
96883-57565,RB,Austin,Austin Walter,Walter,,,4000,MIN@LV,LV,MIN,IR,Undisclosed,,,,RB/FLEX
96883-95455,WR,D.J.,D.J. Montgomery,Montgomery,,,4000,IND@CIN,IND,CIN,,,,,,WR/FLEX
96883-91358,WR,Oliver,Oliver Martin,Martin,,,4000,JAC@CLE,JAC,CLE,,,,,,WR/FLEX
96883-86238,TE,Zack,Zack Kuntz,Kuntz,,,4000,HOU@NYJ,NYJ,HOU,,,,,,TE/FLEX
96883-130275,WR,Kristian,Kristian Wilkerson,Wilkerson,0,1,4000,MIN@LV,LV,MIN,,,,,,WR/FLEX
96883-130274,WR,Isaiah,Isaiah Coulter,Coulter,,,4000,BUF@KC,BUF,KC,,,,,,WR/FLEX
96883-170213,RB,Aaron,Aaron Shampklin,Shampklin,,,4000,DEN@LAC,LAC,DEN,,,,,,RB/FLEX
96883-88294,WR,Dontay,Dontay Demus Jr.,Demus Jr.,,,4000,LAR@BAL,BAL,LAR,,,,,,WR/FLEX
96883-92395,RB,Chris,Chris Smith,Smith,,,4000,SEA@SF,SEA,SF,,,,,,RB/FLEX
96883-149742,RB,Nate,Nate McCrary,McCrary,,,4000,JAC@CLE,CLE,JAC,,,,,,RB/FLEX
96883-86254,TE,Leonard,Leonard Taylor,Taylor,,,4000,JAC@CLE,JAC,CLE,Q,Undisclosed,,,,TE/FLEX
96883-52463,TE,Daniel,Daniel Helm,Helm,,,4000,DET@CHI,DET,CHI,,,,,,TE/FLEX
96883-90353,WR,Jesse,Jesse Matthews,Matthews,,,4000,HOU@NYJ,HOU,NYJ,IR,Knee - acl,,,,WR/FLEX
96883-94453,RB,Darwin,Darwin Thompson,Thompson,,,4000,MIN@LV,LV,MIN,,,,,,RB/FLEX
96883-12536,D,Kansas City,Kansas City Chiefs,Chiefs,7.75,12,4000,BUF@KC,KC,BUF,,,,,,DEF
96883-61693,TE,Danny,Danny Pinter,Pinter,,,4000,IND@CIN,IND,CIN,IR,Ankle,,,,TE/FLEX
96883-71935,WR,Kendric,Kendric Pryor,Pryor,,,4000,IND@CIN,CIN,IND,,,,,,WR/FLEX
96883-115971,WR,Shaq,Shaq Davis,Davis,,,4000,CAR@NO,NO,CAR,,,,,,WR/FLEX
96883-130309,WR,J.J.,J.J. Koski,Koski,,,4000,DEN@LAC,DEN,LAC,,,,,,WR/FLEX
96883-12548,D,Los Angeles,Los Angeles Chargers,Chargers,7.833333333333333,12,4000,DEN@LAC,LAC,DEN,,,,,,DEF
96883-129291,WR,Tank,Tank Dell,Dell,14.15,10,4000,HOU@NYJ,HOU,NYJ,IR,Lower leg,,,,WR/FLEX
96883-130317,WR,Juwan,Juwan Green,Green,,,4000,BUF@KC,KC,BUF,,,,,,WR/FLEX
96883-191760,RB,Toriano,Toriano Clinton,Clinton,,,4000,IND@CIN,IND,CIN,,,,,,RB/FLEX
96883-90398,TE,Matt,Matt Bushman,Bushman,,,4000,BUF@KC,KC,BUF,,,,,,TE/FLEX
96883-68901,RB,Gerrid,Gerrid Doaks,Doaks,,,4000,HOU@NYJ,HOU,NYJ,,,,,,RB/FLEX
96883-185639,WR,Keilahn,Keilahn Harris,Harris,,,4000,TB@ATL,ATL,TB,Q,Undisclosed,,,,WR/FLEX
96883-91428,WR,Tarik,Tarik Black,Black,,,4000,LAR@BAL,BAL,LAR,,,,,,WR/FLEX
96883-174372,WR,Nick,Nick Williams,Williams,,,4000,DEN@LAC,DEN,LAC,,,,,,WR/FLEX
96883-91431,RB,Ben,Ben Mason,Mason,,,4000,LAR@BAL,BAL,LAR,,,,,,RB/FLEX
96883-185646,WR,Zay,Zay Malone,Malone,,,4000,TB@ATL,ATL,TB,,,,,,WR/FLEX
96883-130350,WR,Jaylon,Jaylon Moore,Moore,,,4000,JAC@CLE,JAC,CLE,IR,Undisclosed,,,,WR/FLEX
96883-92465,WR,Sean,Sean Ryan,Ryan,,,4000,LAR@BAL,BAL,LAR,,,,,,WR/FLEX
96883-53562,RB,Nick,Nick Chubb,Chubb,10.550000190734863,2,4000,JAC@CLE,CLE,JAC,IR,Knee - acl + mcl,,,,RB/FLEX
96883-45371,WR,Darius,Darius Phillips,Phillips,,,4000,DET@CHI,DET,CHI,,,,,,WR/FLEX
96883-185660,WR,Malik,Malik Flowers,Flowers,,,4000,MIN@LV,LV,MIN,,,,,,WR/FLEX
96883-149827,TE,Nick,Nick Guggemos,Guggemos,,,4000,BUF@KC,BUF,KC,,,,,,TE/FLEX
96883-86341,RB,Xazavian,Xazavian Valladay,Valladay,,,4000,HOU@NYJ,NYJ,HOU,,,,,,RB/FLEX
96883-56648,RB,Jeremy,Jeremy McNichols,McNichols,,,4000,SEA@SF,SF,SEA,,,,,,RB/FLEX
96883-91467,TE,Jake,Jake Tonges,Tonges,0,1,4000,SEA@SF,SF,SEA,,,,,,TE/FLEX
96883-91481,WR,Nikko,Nikko Remigio,Remigio,,,4000,BUF@KC,KC,BUF,IR,Wrist,,,,WR/FLEX
96883-90456,WR,Ty,Ty Scott,Scott,,,4000,BUF@KC,KC,BUF,,,,,,WR/FLEX
96883-90458,RB,Troy,Troy Hairston,Hairston,0.6285714421953473,7,4000,HOU@NYJ,HOU,NYJ,IR,Back,,,,RB/FLEX
96883-25957,TE,J.P.,J.P. Holtz,Holtz,,,4000,CAR@NO,NO,CAR,,,,,,TE/FLEX
96883-153957,TE,Zaire,Zaire Mitchell-Paden,Mitchell-Paden,,,4000,JAC@CLE,CLE,JAC,,,,,,TE/FLEX
96883-68975,TE,Josh,Josh Pederson,Pederson,,,4000,JAC@CLE,JAC,CLE,,,,,,TE/FLEX
96883-88433,RB,Travis,Travis Dye,Dye,,,4000,HOU@NYJ,NYJ,HOU,,,,,,RB/FLEX
96883-91504,WR,Blake,Blake Proehl,Proehl,,,4000,MIN@LV,MIN,LV,,,,,,WR/FLEX
96883-90483,TE,Bernhard,Bernhard Raimann,Raimann,0,2,4000,IND@CIN,IND,CIN,,,,,,TE/FLEX
96883-39286,TE,O.J.,O.J. Howard,Howard,2.8636363636363638,11,4000,MIN@LV,LV,MIN,,,,,,TE/FLEX
96883-60791,TE,Tommy,Tommy Hudson,Hudson,,,4000,CAR@NO,NO,CAR,,,,,,TE/FLEX
96883-56698,WR,Dante,Dante Pettis,Pettis,3.7133333841959635,15,4000,DET@CHI,CHI,DET,Q,Undisclosed,,,,WR/FLEX
96883-45439,WR,Corey,Corey Davis,Davis,6.276922959547776,13,4000,HOU@NYJ,NYJ,HOU,IR,Personal,,,,WR/FLEX
96883-73089,TE,Devin,Devin Asiasi,Asiasi,0.375,4,4000,JAC@CLE,CLE,JAC,,,,,,TE/FLEX
96883-73088,WR,Kekoa,Kekoa Crawford,Crawford,,,4000,BUF@KC,KC,BUF,Q,Undisclosed,,,,WR/FLEX
96883-185728,TE,Patrick,Patrick Murtagh,Murtagh,,,4000,DET@CHI,DET,CHI,,,,,,TE/FLEX
96883-156039,WR,Shae,Shae Wyatt,Wyatt,,,4000,SEA@SF,SF,SEA,,,,,,WR/FLEX
96883-70023,WR,Cornell,Cornell Powell,Powell,,,4000,BUF@KC,KC,BUF,,,,,,WR/FLEX
96883-93577,WR,Dazz,Dazz Newsome,Newsome,,,4000,SEA@SF,SF,SEA,,,,,,WR/FLEX
96883-64907,WR,J.J.,J.J. Arcega-Whiteside,Arcega-Whiteside,,,4000,TB@ATL,ATL,TB,,,,,,WR/FLEX
96883-185742,WR,Braxton,Braxton Westfield,Westfield,,,4000,IND@CIN,IND,CIN,,,,,,WR/FLEX
96883-88463,WR,Johnny,Johnny Johnson III,Johnson III,,,4000,HOU@NYJ,HOU,NYJ,,,,,,WR/FLEX
96883-55694,WR,Mike,Mike Thomas,Thomas,1.7000000476837158,4,4000,LAR@BAL,BAL,LAR,Q,Shoulder - labrum,,,,WR/FLEX
96883-94606,WR,Taye,Taye Barber,Barber,,,4000,TB@ATL,TB,ATL,,,,,,WR/FLEX
96883-102802,WR,Makai,Makai Polk,Polk,,,4000,LAR@BAL,BAL,LAR,,,,,,WR/FLEX
96883-90518,WR,Slade,Slade Bolden,Bolden,,,4000,TB@ATL,ATL,TB,,,,,,WR/FLEX
96883-93592,WR,Sam,Sam James,James,,,4000,LAR@BAL,LAR,BAL,,,,,,WR/FLEX
96883-70043,TE,Cole,Cole Fotheringham,Fotheringham,,,4000,MIN@LV,LV,MIN,,,,,,TE/FLEX
96883-90522,TE,Cameron,Cameron Latu,Latu,,,4000,SEA@SF,SF,SEA,IR,Knee - meniscus,,,,TE/FLEX
96883-92573,TE,Travis,Travis Vokolek,Vokolek,,,4000,LAR@BAL,BAL,LAR,,,,,,TE/FLEX
96883-64926,WR,Michael,Michael Jacquet III,Jacquet III,,,4000,DEN@LAC,LAC,DEN,,,,,,WR/FLEX
96883-96673,WR,Garett,Garett Maag,Maag,,,4000,MIN@LV,MIN,LV,,,,,,WR/FLEX
96883-111012,WR,Kaylon,Kaylon Geiger Sr.,Geiger Sr.,,,4000,TB@ATL,TB,ATL,,,,,,WR/FLEX
96883-185775,TE,Brian,Brian Walker,Walker,,,4000,LAR@BAL,BAL,LAR,,,,,,TE/FLEX
96883-87473,WR,Braydon,Braydon Johnson,Johnson,,,4000,BUF@KC,BUF,KC,,,,,,WR/FLEX
96883-60849,WR,Blake,Blake Lynch,Lynch,,,4000,DEN@LAC,LAC,DEN,,,,,,WR/FLEX
96883-185777,TE,Damien,Damien Caffrey,Caffrey,,,4000,DET@CHI,CHI,DET,,,,,,TE/FLEX
96883-73147,TE,Nick,Nick Eubanks,Eubanks,,,4000,IND@CIN,IND,CIN,,,,,,TE/FLEX
96883-47551,TE,Mason,Mason Schreck,Schreck,0.800000011920929,2,4000,HOU@NYJ,HOU,NYJ,,,,,,TE/FLEX
96883-185792,WR,Tyler,Tyler Adams,Adams,,,4000,IND@CIN,IND,CIN,,,,,,WR/FLEX
96883-72133,WR,Antoine,Antoine Wesley,Wesley,,,4000,MIN@LV,LV,MIN,,,,,,WR/FLEX
96883-55748,WR,James,James Washington,Washington,0,1,4000,IND@CIN,IND,CIN,,,,,,WR/FLEX
96883-55750,WR,Chris,Chris Lacy,Lacy,,,4000,MIN@LV,LV,MIN,Q,Undisclosed,,,,WR/FLEX
96883-73161,TE,Chase,Chase Allen,Allen,,,4000,DET@CHI,CHI,DET,,,,,,TE/FLEX
96883-113096,WR,Xavier,Xavier Smith,Smith,,,4000,LAR@BAL,LAR,BAL,,,,,,WR/FLEX
96883-86472,WR,John,John Hightower,Hightower,,,4000,DEN@LAC,LAC,DEN,,,,,,WR/FLEX
96883-26057,RB,Michael,Michael Burton,Burton,0.5,7,4000,DEN@LAC,DEN,LAC,,,,,,RB/FLEX
96883-88525,WR,Kawaan,Kawaan Baker,Baker,,,4000,CAR@NO,NO,CAR,,,,,,WR/FLEX
96883-117201,WR,Isaiah,Isaiah Winstead,Winstead,,,4000,SEA@SF,SF,SEA,,,,,,WR/FLEX
96883-136663,RB,DeWayne,DeWayne McBride,McBride,,,4000,MIN@LV,MIN,LV,,,,,,RB/FLEX
96883-90583,WR,Tyrell,Tyrell Shavers,Shavers,,,4000,BUF@KC,BUF,KC,,,,,,WR/FLEX
96883-41430,WR,Devin,Devin Ross,Ross,,,4000,MIN@LV,LV,MIN,,,,,,WR/FLEX
96883-112088,RB,Jerrion,Jerrion Ealy,Ealy,,,4000,BUF@KC,KC,BUF,,,,,,RB/FLEX
96883-88536,WR,Cephus,Cephus Johnson III,Johnson III,,,4000,TB@ATL,TB,ATL,,,,,,WR/FLEX
96883-54746,TE,Tyler,Tyler Ott,Ott,0,2,4000,LAR@BAL,BAL,LAR,,,,,,TE/FLEX
96883-185822,TE,Thomas,Thomas Greaney,Greaney,,,4000,JAC@CLE,CLE,JAC,,,,,,TE/FLEX
96883-91612,WR,Matt,Matt Landers,Landers,,,4000,CAR@NO,CAR,NO,,,,,,WR/FLEX
96883-63967,WR,Lucky,Lucky Jackson,Jackson,,,4000,MIN@LV,MIN,LV,,,,,,WR/FLEX
96883-185827,RB,Jacob,Jacob Saylors,Saylors,,,4000,TB@ATL,ATL,TB,O,Undisclosed,,,,RB/FLEX
96883-88547,WR,Jalen,Jalen Wayne,Wayne,,,4000,JAC@CLE,CLE,JAC,,,,,,WR/FLEX
96883-91618,TE,John,John FitzPatrick,FitzPatrick,0,1,4000,TB@ATL,ATL,TB,,,,,,TE/FLEX
96883-112101,WR,Jared,Jared Wayne,Wayne,,,4000,HOU@NYJ,HOU,NYJ,O,Undisclosed,,,,WR/FLEX
96883-89586,TE,Tucker,Tucker Fisk,Fisk,0,1,4000,TB@ATL,ATL,TB,,,,,,TE/FLEX
96883-103930,WR,Derek,Derek Wright,Wright,,,4000,CAR@NO,CAR,NO,O,Knee,,,,WR/FLEX
96883-185854,WR,Dallas,Dallas Daniels,Daniels,,,4000,DEN@LAC,DEN,LAC,,,,,,WR/FLEX
96883-41469,TE,Darrell,Darrell Daniels,Daniels,,,4000,DET@CHI,DET,CHI,,,,,,TE/FLEX
96883-114177,WR,Milton,Milton Wright,Wright,,,4000,DEN@LAC,LAC,DEN,Q,Undisclosed,,,,WR/FLEX
96883-185856,WR,Taylor,Taylor Grimes,Grimes,,,4000,DEN@LAC,DEN,LAC,,,,,,WR/FLEX
96883-92677,WR,Zavier,Zavier Scott,Scott,,,4000,IND@CIN,IND,CIN,,,,,,WR/FLEX
96883-90628,TE,Griffin,Griffin Hebert,Hebert,,,4000,SEA@SF,SEA,SF,,,,,,TE/FLEX
96883-103943,WR,Trinity,Trinity Benson,Benson,,,4000,JAC@CLE,CLE,JAC,,,,,,WR/FLEX
96883-62998,TE,Jace,Jace Sternberger,Sternberger,,,4000,BUF@KC,BUF,KC,,,,,,TE/FLEX
96883-154139,RB,Clint,Clint Ratkovich,Ratkovich,,,4000,TB@ATL,ATL,TB,,,,,,RB/FLEX
96883-185887,RB,Ronnie,Ronnie Brown,Brown,,,4000,TB@ATL,TB,ATL,,,,,,RB/FLEX
96883-185884,WR,John,John Hall,Hall,,,4000,SEA@SF,SEA,SF,,,,,,WR/FLEX
96883-91679,WR,Josh,Josh Vann,Vann,,,4000,CAR@NO,CAR,NO,,,,,,WR/FLEX
96883-54817,WR,Diontae,Diontae Spencer,Spencer,,,4000,HOU@NYJ,NYJ,HOU,Q,Undisclosed,,,,WR/FLEX
96883-185889,TE,Tanner,Tanner Taula,Taula,,,4000,TB@ATL,TB,ATL,,,,,,TE/FLEX
96883-14895,TE,Patrick,Patrick Scales,Scales,0,3,4000,DET@CHI,CHI,DET,,,,,,TE/FLEX
96883-185907,RB,Zach,Zach Ojile,Ojile,,,4000,MIN@LV,MIN,LV,,,,,,RB/FLEX
96883-69173,TE,Hunter,Hunter Kampmoyer,Kampmoyer,,,4000,DEN@LAC,LAC,DEN,,,,,,TE/FLEX
96883-60981,TE,Charlie,Charlie Heck,Heck,,,4000,HOU@NYJ,HOU,NYJ,,,,,,TE/FLEX
96883-60984,TE,Jake,Jake Bargas,Bargas,,,4000,CAR@NO,NO,CAR,,,,,,TE/FLEX
96883-71228,WR,Marquez,Marquez Stevenson,Stevenson,,,4000,CAR@NO,CAR,NO,,,,,,WR/FLEX
96883-70206,RB,Jason,Jason Huntley,Huntley,,,4000,IND@CIN,IND,CIN,,,,,,RB/FLEX
96883-30272,TE,Colin,Colin Thompson,Thompson,,,4000,MIN@LV,MIN,LV,,,,,,TE/FLEX
96883-86601,RB,SaRodorick,SaRodorick Thompson Jr.,Thompson Jr.,,,4000,SEA@SF,SEA,SF,,,,,,RB/FLEX
96883-104008,TE,Stephen,Stephen Carlson,Carlson,0,1,4000,DET@CHI,CHI,DET,,,,,,TE/FLEX
96883-104012,WR,Ashton,Ashton Dulin,Dulin,5,7,4000,IND@CIN,IND,CIN,IR,Knee - acl,,,,WR/FLEX
96883-86612,TE,Brayden,Brayden Willis,Willis,0,1,4000,SEA@SF,SF,SEA,,,,,,TE/FLEX
96883-63061,WR,Gary,Gary Jennings,Jennings,,,4000,CAR@NO,CAR,NO,,,,,,WR/FLEX
96883-55895,TE,Kendall,Kendall Blanton,Blanton,2.25,2,4000,BUF@KC,KC,BUF,,,,,,TE/FLEX
96883-22103,WR,Marvin,Marvin Jones Jr.,Jones Jr.,1,4,4000,DET@CHI,DET,CHI,,,,,,WR/FLEX
96883-29277,TE,Stephen,Stephen Anderson,Anderson,0.48000001907348633,5,4000,DEN@LAC,LAC,DEN,,,,,,TE/FLEX
96883-64097,TE,La'Michael,La'Michael Pettway,Pettway,,,4000,IND@CIN,IND,CIN,,,,,,TE/FLEX
96883-87657,WR,Seth,Seth Williams,Williams,,,4000,JAC@CLE,JAC,CLE,,,,,,WR/FLEX
96883-66155,TE,Michael,Michael Jacobson,Jacobson,,,4000,CAR@NO,NO,CAR,,,,,,TE/FLEX
96883-186991,WR,Jerome,Jerome Kapp,Kapp,,,4000,HOU@NYJ,NYJ,HOU,,,,,,WR/FLEX
96883-139884,TE,Jordan,Jordan Murray,Murray,,,4000,IND@CIN,IND,CIN,,,,,,TE/FLEX
96883-95854,WR,Montrell,Montrell Washington,Washington,0,4,4000,BUF@KC,KC,BUF,,,,,,WR/FLEX
96883-61042,WR,Kendall,Kendall Hinton,Hinton,4.0363637750799,11,4000,DEN@LAC,DEN,LAC,,,,,,WR/FLEX
96883-87668,WR,Shedrick,Shedrick Jackson,Jackson,0,2,4000,IND@CIN,CIN,IND,,,,,,WR/FLEX
96883-104054,RB,Sincere,Sincere McCormick,McCormick,,,4000,MIN@LV,LV,MIN,,,,,,RB/FLEX
96883-88699,RB,Jaret,Jaret Patterson,Patterson,3.9000000953674316,2,4000,DEN@LAC,LAC,DEN,,,,,,RB/FLEX
96883-93824,WR,Easop,Easop Winston Jr.,Winston Jr.,,,4000,SEA@SF,SEA,SF,,,,,,WR/FLEX
96883-55941,RB,Patrick,Patrick Laird,Laird,,,4000,TB@ATL,TB,ATL,,,,,,RB/FLEX
96883-87690,TE,Sal,Sal Cannella,Cannella,,,4000,SEA@SF,SEA,SF,,,,,,TE/FLEX
96883-70282,WR,Demetric,Demetric Felton,Felton,0.27999999523162844,5,4000,IND@CIN,CIN,IND,,,,,,WR/FLEX
96883-93845,WR,Tay,Tay Martin,Martin,,,4000,SEA@SF,SF,SEA,,,,,,WR/FLEX
96883-110230,RB,Kenny,Kenny McIntosh,McIntosh,,,4000,SEA@SF,SEA,SF,,,,,,RB/FLEX
96883-90778,TE,Derrick,Derrick Deese Jr.,Deese Jr.,,,4000,DET@CHI,DET,CHI,,,,,,TE/FLEX
96883-93853,WR,Thayer,Thayer Thomas,Thomas,,,4000,MIN@LV,MIN,LV,,,,,,WR/FLEX
96883-87711,TE,John Samuel,John Samuel Shenker,Shenker,,,4000,MIN@LV,LV,MIN,,,,,,TE/FLEX
96883-52902,WR,Trey,Trey Quinn,Quinn,,,4000,DET@CHI,DET,CHI,,,,,,WR/FLEX
96883-104102,TE,Leroy,Leroy Watson IV,Watson IV,0,1,4000,JAC@CLE,CLE,JAC,,,,,,TE/FLEX
96883-91823,RB,Ronald,Ronald Awatt,Awatt,,,4000,SEA@SF,SF,SEA,,,,,,RB/FLEX
96883-96942,WR,Keelan,Keelan Doss,Doss,,,4000,DEN@LAC,LAC,DEN,,,,,,WR/FLEX
96883-87731,WR,Dominique,Dominique Robinson,Robinson,0,3,4000,DET@CHI,CHI,DET,,,,,,WR/FLEX
96883-85687,WR,Jontre,Jontre Kirklin,Kirklin,,,4000,CAR@NO,NO,CAR,,,,,,WR/FLEX
96883-69302,TE,Feleipe,Feleipe Franks,Franks,0,2,4000,TB@ATL,ATL,TB,IR,Undisclosed,,,,TE/FLEX
96883-104124,WR,Darrius,Darrius Shepherd,Shepherd,,,4000,DEN@LAC,LAC,DEN,Q,Undisclosed,,,,WR/FLEX
96883-71359,WR,Javon,Javon Wims,Wims,,,4000,CAR@NO,CAR,NO,,,,,,WR/FLEX
96883-69310,WR,Josh,Josh Hammond,Hammond,,,4000,DEN@LAC,DEN,LAC,,,,,,WR/FLEX
96883-71367,RB,La'Mical,La'Mical Perine,Perine,0.10000000149011612,1,4000,BUF@KC,KC,BUF,,,,,,RB/FLEX
96883-88776,WR,Ty,Ty Fryfogle,Fryfogle,,,4000,BUF@KC,KC,BUF,,,,,,WR/FLEX
96883-71372,WR,Tyrie,Tyrie Cleveland,Cleveland,1.2666666507720947,3,4000,IND@CIN,IND,CIN,,,,,,WR/FLEX
96883-63189,TE,Hunter,Hunter Thedford,Thedford,,,4000,JAC@CLE,CLE,JAC,,,,,,TE/FLEX
96883-89814,TE,Gerrit,Gerrit Prince,Prince,,,4000,BUF@KC,KC,BUF,,,,,,TE/FLEX
96883-89817,WR,Austin,Austin Watkins Jr.,Watkins Jr.,,,4000,JAC@CLE,CLE,JAC,,,,,,WR/FLEX
96883-85720,WR,Jaray,Jaray Jenkins,Jenkins,,,4000,JAC@CLE,JAC,CLE,Q,Undisclosed,,,,WR/FLEX
96883-71386,TE,Jordan,Jordan Thomas,Thomas,0,1,4000,CAR@NO,CAR,NO,,,,,,TE/FLEX
96883-90844,TE,Christian,Christian Trahan,Trahan,,,4000,IND@CIN,CIN,IND,,,,,,TE/FLEX
96883-64221,TE,Zach,Zach Gentry,Gentry,1.6214286259242467,14,4000,IND@CIN,CIN,IND,,,,,,TE/FLEX
96883-147168,WR,Chris,Chris Blair,Blair,,,4000,TB@ATL,ATL,TB,,,,,,WR/FLEX
96883-91875,TE,Michael,Michael Ezeike,Ezeike,,,4000,DEN@LAC,LAC,DEN,,,,,,TE/FLEX
96883-85731,WR,Racey,Racey McMath,McMath,1.350000023841858,4,4000,IND@CIN,IND,CIN,,,,,,WR/FLEX
96883-87787,RB,J.K.,J.K. Dobbins,Dobbins,10.699999809265137,1,4000,LAR@BAL,BAL,LAR,IR,Achilles,,,,RB/FLEX
96883-90861,RB,Derek,Derek Parish,Parish,,,4000,JAC@CLE,JAC,CLE,,,,,,RB/FLEX
96883-54007,TE,Jacob,Jacob Hollister,Hollister,,,4000,MIN@LV,LV,MIN,Q,Undisclosed,,,,TE/FLEX
96883-91897,WR,Ethan,Ethan Fernea,Fernea,,,4000,IND@CIN,IND,CIN,,,,,,WR/FLEX
96883-54010,RB,Brian,Brian Hill,Hill,,,4000,SEA@SF,SF,SEA,,,,,,RB/FLEX
96883-86781,WR,Terrell,Terrell Bynum,Bynum,,,4000,DEN@LAC,LAC,DEN,,,,,,WR/FLEX
96883-152320,RB,Tiyon,Tiyon Evans,Evans,,,4000,CAR@NO,CAR,NO,,,,,,RB/FLEX
96883-85762,RB,Eno,Eno Benjamin,Benjamin,5.93076911339393,13,4000,CAR@NO,NO,CAR,IR,Achilles,,,,RB/FLEX
96883-57091,WR,Tim,Tim Patrick,Patrick,,,4000,DEN@LAC,DEN,LAC,IR,Achilles,,,,WR/FLEX
96883-174853,WR,Kody,Kody Case,Case,,,4000,IND@CIN,IND,CIN,,,,,,WR/FLEX
96883-91912,WR,Chase,Chase Cota,Cota,,,4000,BUF@KC,KC,BUF,,,,,,WR/FLEX
96883-114465,TE,Christian,Christian Sims,Sims,,,4000,LAR@BAL,LAR,BAL,,,,,,TE/FLEX
96883-71459,RB,Brittain,Brittain Brown,Brown,,,4000,MIN@LV,LV,MIN,IR,Undisclosed,,,,RB/FLEX
96883-87844,TE,Brady,Brady Russell,Russell,0,2,4000,SEA@SF,SEA,SF,,,,,,TE/FLEX
96883-40746,TE,Troy,Troy Fumagalli,Fumagalli,,,4000,MIN@LV,MIN,LV,,,,,,TE/FLEX
96883-86826,WR,Malachi,Malachi Carter,Carter,,,4000,IND@CIN,CIN,IND,,,,,,WR/FLEX
96883-55088,WR,Malik,Malik Turner,Turner,,,4000,IND@CIN,IND,CIN,,,,,,WR/FLEX
96883-174907,WR,Sy,Sy Barnett,Barnett,,,4000,CAR@NO,NO,CAR,,,,,,WR/FLEX
96883-92984,WR,Justin,Justin Marshall,Marshall,,,4000,SEA@SF,SEA,SF,,,,,,WR/FLEX
96883-158520,WR,Daylen,Daylen Baldwin,Baldwin,3.5,1,4000,MIN@LV,MIN,LV,,,,,,WR/FLEX
96883-90952,WR,Kade,Kade Warner,Warner,,,4000,TB@ATL,TB,ATL,,,,,,WR/FLEX
96883-90955,WR,Tyjon,Tyjon Lindsey,Lindsey,,,4000,SEA@SF,SEA,SF,,,,,,WR/FLEX
96883-93002,RB,Calvin,Calvin Tyler Jr.,Tyler Jr.,,,4000,IND@CIN,CIN,IND,,,,,,RB/FLEX
96883-58189,TE,Mitchell,Mitchell Fraboni,Fraboni,0,1,4000,DEN@LAC,DEN,LAC,,,,,,TE/FLEX
96883-56142,WR,Juwann,Juwann Winfree,Winfree,0,3,4000,IND@CIN,IND,CIN,,,,,,WR/FLEX
96883-88915,RB,Bryant,Bryant Koback,Koback,,,4000,SEA@SF,SEA,SF,,,,,,RB/FLEX
96883-91989,RB,Jordan,Jordan Mims,Mims,,,4000,CAR@NO,NO,CAR,,,,,,RB/FLEX
96883-93016,RB,B.J.,B.J. Baylor,Baylor,,,4000,TB@ATL,ATL,TB,,,,,,RB/FLEX
96883-63321,TE,Rashod,Rashod Berry,Berry,,,4000,IND@CIN,IND,CIN,IR,Suspension,,,,TE/FLEX
96883-93023,RB,Jermar,Jermar Jefferson,Jefferson,,,4000,DET@CHI,DET,CHI,,,,,,RB/FLEX
96883-169834,WR,Dareke,Dareke Young,Young,2.5,2,4000,SEA@SF,SEA,SF,,,,,,WR/FLEX
96883-89970,WR,Amari,Amari Rodgers,Rodgers,0,1,4000,IND@CIN,IND,CIN,,,,,,WR/FLEX
96883-85881,RB,Mohamed,Mohamed Ibrahim,Ibrahim,0,1,4000,DET@CHI,DET,CHI,O,Hip,,,,RB/FLEX
96883-57208,WR,KeeSean,KeeSean Johnson,Johnson,,,4000,BUF@KC,BUF,KC,,,,,,WR/FLEX
96883-86913,TE,Kris,Kris Leach,Leach,,,4000,DEN@LAC,DEN,LAC,,,,,,TE/FLEX
96883-41867,RB,Jordan,Jordan Wilkins,Wilkins,0,1,4000,JAC@CLE,CLE,JAC,,,,,,RB/FLEX
96883-23435,TE,Andrew,Andrew DePaola,DePaola,0,1,4000,MIN@LV,MIN,LV,,,,,,TE/FLEX
96883-89997,WR,Michael,Michael Woods II,Woods II,1.0833333333333333,6,4000,JAC@CLE,CLE,JAC,IR,Achilles,,,,WR/FLEX
96883-69516,TE,Miller,Miller Forristall,Forristall,0,1,4000,LAR@BAL,LAR,BAL,,,,,,TE/FLEX
96883-94099,RB,Robert,Robert Burns,Burns,,,4000,DET@CHI,CHI,DET,,,,,,RB/FLEX
96883-141201,WR,Raleigh,Raleigh Webb,Webb,,,4000,TB@ATL,TB,ATL,,,,,,WR/FLEX
96883-39829,WR,Mike,Mike Williams,Williams,13.566666920979818,3,4000,DEN@LAC,LAC,DEN,IR,Knee - acl,,,,WR/FLEX
96883-87961,RB,Wayne,Wayne Taulapapa,Taulapapa,,,4000,SEA@SF,SEA,SF,,,,,,RB/FLEX
96883-92056,TE,Cal,Cal Adomitis,Adomitis,0,2,4000,IND@CIN,CIN,IND,,,,,,TE/FLEX
96883-28570,TE,Nick,Nick Vannett,Vannett,0,1,4000,DEN@LAC,LAC,DEN,,,,,,TE/FLEX
96883-94118,WR,Mike,Mike Harley Jr.,Harley Jr.,,,4000,JAC@CLE,CLE,JAC,,,,,,WR/FLEX
96883-34729,RB,Dwayne,Dwayne Washington,Washington,0,1,4000,DEN@LAC,DEN,LAC,,,,,,RB/FLEX
96883-85932,RB,Isaiah,Isaiah Bowser,Bowser,,,4000,BUF@KC,BUF,KC,,,,,,RB/FLEX
96883-91055,WR,Kevin,Kevin Austin Jr.,Austin Jr.,,,4000,JAC@CLE,JAC,CLE,,,,,,WR/FLEX
96883-92093,WR,Jaelon,Jaelon Darden,Darden,0,1,4000,JAC@CLE,CLE,JAC,,,,,,WR/FLEX
96883-32703,WR,Jakeem,Jakeem Grant Sr.,Grant Sr.,,,4000,JAC@CLE,CLE,JAC,IR,Kneecap,,,,WR/FLEX
96883-91082,WR,Avery,Avery Davis,Davis,,,4000,DET@CHI,DET,CHI,,,,,,WR/FLEX
96883-41936,WR,Anthony,Anthony Miller,Miller,,,4000,IND@CIN,IND,CIN,,,,,,WR/FLEX
96883-169937,WR,Lance,Lance McCutcheon,McCutcheon,0,2,4000,HOU@NYJ,NYJ,HOU,,,,,,WR/FLEX
96883-30678,WR,Damiere,Damiere Byrd,Byrd,0,1,4000,TB@ATL,ATL,TB,,,,,,WR/FLEX
96883-63447,WR,Penny,Penny Hart,Hart,1.1666666666666667,3,4000,TB@ATL,ATL,TB,Q,Concussion,,,,WR/FLEX
96883-72665,TE,Kenny,Kenny Yeboah,Yeboah,,,4000,HOU@NYJ,NYJ,HOU,,,,,,TE/FLEX
96883-96224,TE,Lachlan,Lachlan Pitts,Pitts,,,4000,DET@CHI,CHI,DET,,,,,,TE/FLEX
96883-41954,WR,Victor,Victor Bolden,Bolden,,,4000,HOU@NYJ,HOU,NYJ,,,,,,WR/FLEX
96883-104421,TE,Jesper,Jesper Horsted,Horsted,0.29999999205271405,3,4000,MIN@LV,LV,MIN,,,,,,TE/FLEX
96883-85994,TE,Dalton,Dalton Keene,Keene,,,4000,HOU@NYJ,HOU,NYJ,,,,,,TE/FLEX
96883-71662,WR,DJ,DJ Turner,Turner,0,2,4000,MIN@LV,LV,MIN,,,,,,WR/FLEX
96883-63479,RB,John,John Kelly Jr.,Kelly Jr.,,,4000,JAC@CLE,CLE,JAC,,,,,,RB/FLEX
96883-88056,WR,Stanley,Stanley Berryhill,Berryhill,,,4000,DET@CHI,DET,CHI,,,,,,WR/FLEX
96883-96254,TE,Nick,Nick Muse,Muse,0,1,4000,MIN@LV,MIN,LV,,,,,,TE/FLEX
96883-12540,D,Minnesota,Minnesota Vikings,Vikings,7.75,12,3900,MIN@LV,MIN,LV,,,,,,DEF
96883-12553,D,Carolina,Carolina Panthers,Panthers,4.166666666666667,12,3900,CAR@NO,CAR,NO,,,,,,DEF
96883-12529,D,Cleveland,Cleveland Browns,Browns,8.833333333333334,12,3800,JAC@CLE,CLE,JAC,,,,,,DEF
96883-12528,D,Cincinnati,Cincinnati Bengals,Bengals,7.333333333333333,12,3700,IND@CIN,CIN,IND,,,,,,DEF
96883-12537,D,Las Vegas,Las Vegas Raiders,Raiders,6.583333333333333,12,3700,MIN@LV,LV,MIN,,,,,,DEF
96883-12531,D,Denver,Denver Broncos,Broncos,7.416666666666667,12,3600,DEN@LAC,DEN,LAC,,,,,,DEF
96883-12526,D,Buffalo,Buffalo Bills,Bills,9.25,12,3500,BUF@KC,BUF,KC,,,,,,DEF
96883-12527,D,Chicago,Chicago Bears,Bears,5.916666666666667,12,3400,DET@CHI,CHI,DET,,,,,,DEF
96883-12538,D,Los Angeles,Los Angeles Rams,Rams,4.75,12,3200,LAR@BAL,LAR,BAL,,,,,,DEF
96883-12550,D,Seattle,Seattle Seahawks,Seahawks,7.416666666666667,12,3000,SEA@SF,SEA,SF,,,,,,DEF